iso_code,year,Bilateral (China),Bilateral (excl. China),Multilateral,Private (China),Private (excl. China),Total,country_name
Algeria,2009,76.5,2109.6,11.3,,864.4,3061.9,Algeria
Algeria,2010,71.8,1904.5,9.7,,676.1,2662.0,Algeria
Algeria,2011,72.7,1652.5,8.3,,521.0,2254.6,Algeria
Algeria,2012,78.8,1207.6,7.2,,353.7,1647.2,Algeria
Algeria,2013,81.9,1118.4,1.9,,249.7,1451.9,Algeria
Algeria,2014,75.5,873.1,1.5,,174.8,1124.9,Algeria
Algeria,2015,69.1,681.5,1.1,,118.5,870.2,Algeria
Algeria,2016,65.9,564.4,949.4,,72.9,1652.7,Algeria
Algeria,2017,73.2,529.7,1079.4,,33.6,1715.9,Algeria
Algeria,2018,69.8,411.6,1030.9,,10.6,1522.8,Algeria
Algeria,2019,68.5,317.1,1007.0,,5.6,1398.2,Algeria
Algeria,2020,74.2,264.1,1094.9,,3.2,1436.4,Algeria
Algeria,2021,71.3,184.2,984.0,,0.9,1240.4,Algeria
Algeria,2022,66.3,128.9,860.4,,0.1,1055.7,Algeria
Angola,2009,1573.9,2678.7,448.4,0.0,9038.5,13739.5,Angola
Angola,2010,1559.1,2742.2,444.8,3416.7,7499.2,15662.0,Angola
Angola,2011,1463.2,2902.3,453.8,5032.7,8387.3,18239.3,Angola
Angola,2012,1600.1,3408.5,490.7,4705.9,9741.6,19946.8,Angola
Angola,2013,2124.3,3863.9,537.3,6691.2,11937.5,25154.1,Angola
Angola,2014,2292.5,4559.3,1146.6,8245.0,16258.7,32502.1,Angola
Angola,2015,2581.7,4490.5,1601.7,7320.3,16857.7,32851.9,Angola
Angola,2016,3304.5,3882.2,2017.8,15523.9,16301.5,41029.9,Angola
Angola,2017,3503.4,3537.1,2238.3,16885.8,15743.5,41908.2,Angola
Angola,2018,5023.6,3169.3,2267.7,17897.2,18720.7,47078.5,Angola
Angola,2019,4578.0,2218.3,2846.6,17876.1,20078.0,47596.9,Angola
Angola,2020,4625.9,2231.2,3068.7,17440.5,19999.4,47365.7,Angola
Angola,2021,4620.0,2157.4,3857.2,17394.5,18683.4,46712.5,Angola
Angola,2022,4097.4,1871.7,4559.0,16881.0,20408.3,47817.5,Angola
Benin,2009,113.5,49.8,819.4,,,982.6,Benin
Benin,2010,115.5,59.5,937.2,,,1112.2,Benin
Benin,2011,129.3,61.4,1001.5,,,1192.2,Benin
Benin,2012,143.4,60.7,1095.9,,,1300.0,Benin
Benin,2013,138.5,74.4,1382.0,,,1594.9,Benin
Benin,2014,200.1,100.8,1460.7,,0.0,1761.6,Benin
Benin,2015,245.4,111.4,1545.2,,0.0,1902.0,Benin
Benin,2016,239.4,113.6,1664.7,,0.0,2017.7,Benin
Benin,2017,288.6,131.3,2049.6,,41.1,2510.6,Benin
Benin,2018,317.5,134.1,2032.4,,815.5,3299.4,Benin
Benin,2019,302.1,137.0,2099.8,0.0,1064.3,3603.2,Benin
Benin,2020,319.8,208.1,2626.7,0.0,1259.5,4414.1,Benin
Benin,2021,341.0,267.9,2675.3,11.7,2489.7,5785.7,Benin
Benin,2022,297.0,371.3,2895.1,17.0,2409.7,5990.0,Benin
Botswana,2009,83.5,59.7,1250.6,,1.5,1395.3,Botswana
Botswana,2010,79.4,58.9,1219.2,,1.0,1358.5,Botswana
Botswana,2011,57.5,53.8,1788.0,,0.8,1900.0,Botswana
Botswana,2012,54.1,42.9,1845.5,,0.0,1942.4,Botswana
Botswana,2013,47.9,31.4,1743.6,,,1822.9,Botswana
Botswana,2014,57.8,30.7,1788.7,,40.0,1917.2,Botswana
Botswana,2015,45.3,29.3,1666.7,,31.1,1772.5,Botswana
Botswana,2016,34.1,30.8,1583.3,,22.2,1670.4,Botswana
Botswana,2017,28.1,34.7,1475.7,,13.3,1551.8,Botswana
Botswana,2018,18.8,39.0,1389.1,,4.4,1451.3,Botswana
Botswana,2019,13.5,33.5,1287.4,,0.0,1334.3,Botswana
Botswana,2020,9.1,27.5,1241.9,,,1278.4,Botswana
Botswana,2021,3.8,19.7,1442.9,,,1466.5,Botswana
Botswana,2022,0.0,13.5,1510.7,,,1524.2,Botswana
Burkina Faso,2009,58.0,249.1,1402.8,,27.4,1737.3,Burkina Faso
Burkina Faso,2010,55.3,252.9,1611.1,,41.1,1960.5,Burkina Faso
Burkina Faso,2011,53.1,265.3,1747.7,,38.2,2104.3,Burkina Faso
Burkina Faso,2012,49.6,287.6,1909.3,,36.1,2282.5,Burkina Faso
Burkina Faso,2013,44.9,288.8,1962.1,,32.1,2327.9,Burkina Faso
Burkina Faso,2014,38.1,262.1,1987.0,,26.8,2314.1,Burkina Faso
Burkina Faso,2015,76.9,245.4,2038.7,,21.9,2382.8,Burkina Faso
Burkina Faso,2016,70.3,286.1,2195.8,,18.2,2570.4,Burkina Faso
Burkina Faso,2017,67.2,283.6,2506.7,,15.6,2873.1,Burkina Faso
Burkina Faso,2018,61.7,296.0,2669.9,,13.9,3041.5,Burkina Faso
Burkina Faso,2019,57.1,294.3,3008.2,,12.1,3371.8,Burkina Faso
Burkina Faso,2020,88.6,371.8,3547.7,,10.4,4018.5,Burkina Faso
Burkina Faso,2021,121.7,360.7,3834.4,,10.8,4327.7,Burkina Faso
Burkina Faso,2022,120.1,366.0,3890.2,,9.0,4385.2,Burkina Faso
Burundi,2009,0.0,90.1,302.8,,,393.0,Burundi
Burundi,2010,0.0,56.7,324.6,,,381.2,Burundi
Burundi,2011,0.0,54.5,308.9,,,363.4,Burundi
Burundi,2012,0.0,74.9,333.0,,,408.0,Burundi
Burundi,2013,0.0,75.5,319.3,,,394.7,Burundi
Burundi,2014,0.0,89.8,314.7,,,404.5,Burundi
Burundi,2015,10.7,90.2,308.2,,,409.1,Burundi
Burundi,2016,13.7,84.6,311.5,,,409.8,Burundi
Burundi,2017,14.6,84.7,319.9,,,419.2,Burundi
Burundi,2018,13.9,90.7,314.4,,,419.0,Burundi
Burundi,2019,42.2,90.3,343.4,,,476.0,Burundi
Burundi,2020,45.2,126.1,358.6,,,529.8,Burundi
Burundi,2021,46.4,139.8,389.5,,,575.6,Burundi
Burundi,2022,43.4,147.1,387.1,,,577.6,Burundi
Cabo Verde,2009,16.4,140.9,533.9,,6.5,697.7,Cabo Verde
Cabo Verde,2010,22.2,158.4,597.6,,84.1,862.2,Cabo Verde
Cabo Verde,2011,29.9,200.9,620.3,,170.5,1021.6,Cabo Verde
Cabo Verde,2012,31.7,259.1,648.5,,292.0,1231.4,Cabo Verde
Cabo Verde,2013,32.7,322.9,692.1,,429.6,1477.3,Cabo Verde
Cabo Verde,2014,31.5,306.4,717.0,,482.5,1537.5,Cabo Verde
Cabo Verde,2015,27.7,314.2,735.2,,460.7,1537.9,Cabo Verde
Cabo Verde,2016,23.9,316.9,737.2,,461.7,1539.8,Cabo Verde
Cabo Verde,2017,34.8,392.3,811.6,,538.6,1777.3,Cabo Verde
Cabo Verde,2018,32.7,391.4,816.9,,514.2,1755.2,Cabo Verde
Cabo Verde,2019,30.2,390.0,882.5,,507.0,1809.6,Cabo Verde
Cabo Verde,2020,31.6,421.4,1014.1,,558.2,2025.2,Cabo Verde
Cabo Verde,2021,33.0,392.5,1041.5,,515.5,1982.5,Cabo Verde
Cabo Verde,2022,27.9,368.9,1050.5,,475.0,1922.3,Cabo Verde
Cameroon,2009,118.3,1353.3,687.1,,8.1,2166.9,Cameroon
Cameroon,2010,197.4,1159.0,786.5,,16.8,2159.7,Cameroon
Cameroon,2011,243.5,1005.3,854.5,,20.1,2123.4,Cameroon
Cameroon,2012,566.4,1156.9,1122.9,,76.5,2922.7,Cameroon
Cameroon,2013,1257.6,1276.3,1372.9,,166.5,4073.3,Cameroon
Cameroon,2014,1904.3,1042.9,1498.9,,171.0,4617.1,Cameroon
Cameroon,2015,2139.5,990.0,1619.4,0.0,981.8,5730.6,Cameroon
Cameroon,2016,2336.0,1062.5,1886.4,49.8,962.6,6297.2,Cameroon
Cameroon,2017,2971.7,1437.1,2448.3,79.8,1056.2,7993.2,Cameroon
Cameroon,2018,3023.1,1566.2,3208.1,108.6,1247.8,9153.7,Cameroon
Cameroon,2019,3424.9,1758.8,3745.8,178.1,1276.3,10383.9,Cameroon
Cameroon,2020,3602.4,2028.8,4317.9,169.5,1269.1,11387.8,Cameroon
Cameroon,2021,3572.4,1996.9,4718.2,144.4,1941.4,12373.3,Cameroon
Cameroon,2022,3665.5,1702.2,5040.3,119.2,1311.7,11838.9,Cameroon
Central African Republic,2009,12.4,204.6,49.8,,36.3,303.1,Central African Republic
Central African Republic,2010,48.0,245.6,43.1,,39.2,375.8,Central African Republic
Central African Republic,2011,51.9,171.6,34.9,,29.6,288.0,Central African Republic
Central African Republic,2012,61.5,173.9,43.7,,29.7,308.8,Central African Republic
Central African Republic,2013,82.7,173.0,43.7,,28.7,328.1,Central African Republic
Central African Republic,2014,79.8,220.7,69.1,,26.0,395.7,Central African Republic
Central African Republic,2015,113.8,210.6,75.2,,25.8,425.4,Central African Republic
Central African Republic,2016,107.6,210.4,77.7,,25.7,421.3,Central African Republic
Central African Republic,2017,112.4,164.2,95.1,,26.0,397.7,Central African Republic
Central African Republic,2018,72.5,168.6,149.9,,25.9,417.0,Central African Republic
Central African Republic,2019,64.3,176.8,152.6,,25.9,419.6,Central African Republic
Central African Republic,2020,49.0,180.5,176.6,,4.9,411.0,Central African Republic
Central African Republic,2021,49.8,204.3,176.5,,6.9,437.5,Central African Republic
Central African Republic,2022,47.2,209.5,171.5,,5.5,433.7,Central African Republic
Chad,2009,45.5,164.3,1521.5,,18.6,1749.9,Chad
Chad,2010,46.9,456.6,1528.7,,16.6,2048.9,Chad
Chad,2011,132.8,535.9,1541.7,,11.6,2221.9,Chad
Chad,2012,171.8,528.0,1542.9,,9.7,2252.4,Chad
Chad,2013,173.9,533.7,1504.3,,607.2,2819.1,Chad
Chad,2014,242.6,459.3,1381.6,,1538.7,3622.1,Chad
Chad,2015,237.2,423.0,550.2,,1451.0,2661.4,Chad
Chad,2016,247.1,465.1,564.0,,1372.0,2648.2,Chad
Chad,2017,252.8,631.2,693.2,,1275.0,2852.2,Chad
Chad,2018,240.6,646.0,666.5,,1202.0,2755.1,Chad
Chad,2019,235.2,666.6,660.0,,1158.0,2719.9,Chad
Chad,2020,310.9,679.0,712.5,,1075.5,2777.9,Chad
Chad,2021,316.2,637.8,756.7,,928.5,2639.2,Chad
Chad,2022,275.9,671.1,715.1,,778.5,2440.6,Chad
Comoros,2009,,45.6,213.0,,,258.6,Comoros
Comoros,2010,0.0,46.9,201.6,,,248.5,Comoros
Comoros,2011,0.0,46.9,196.4,,,243.3,Comoros
Comoros,2012,0.0,50.2,170.0,,,220.2,Comoros
Comoros,2013,0.0,45.6,62.6,,,108.1,Comoros
Comoros,2014,0.0,44.2,60.1,,,104.3,Comoros
Comoros,2015,0.0,38.0,56.9,,,94.9,Comoros
Comoros,2016,29.6,64.1,53.2,,,146.9,Comoros
Comoros,2017,30.1,70.2,54.2,,,154.5,Comoros
Comoros,2018,79.2,83.3,54.0,,,216.5,Comoros
Comoros,2019,76.3,82.3,68.0,,,226.6,Comoros
Comoros,2020,93.0,83.2,76.7,,0.0,252.9,Comoros
Comoros,2021,110.1,83.5,92.0,,0.0,285.7,Comoros
Comoros,2022,103.3,94.6,111.9,,0.0,309.8,Comoros
Congo Republic,2009,96.2,2873.3,437.2,226.1,998.1,4630.9,Congo Republic
Congo Republic,2010,571.5,270.0,181.7,568.4,858.0,2449.6,Congo Republic
Congo Republic,2011,824.2,350.0,166.7,605.0,942.1,2888.1,Congo Republic
Congo Republic,2012,1100.6,375.9,160.8,646.2,955.8,3239.3,Congo Republic
Congo Republic,2013,1659.9,401.9,167.4,562.5,1031.2,3823.0,Congo Republic
Congo Republic,2014,2256.6,608.1,155.6,490.8,1868.2,5379.3,Congo Republic
Congo Republic,2015,2403.4,549.5,159.8,419.0,2673.2,6204.9,Congo Republic
Congo Republic,2016,2411.1,757.6,210.7,407.1,2575.8,6362.3,Congo Republic
Congo Republic,2017,2581.3,886.2,643.9,391.0,2428.1,6930.5,Congo Republic
Congo Republic,2018,2391.1,763.6,640.1,530.0,2328.4,6653.2,Congo Republic
Congo Republic,2019,2403.8,828.0,869.1,1676.9,2228.5,8006.4,Congo Republic
Congo Republic,2020,2207.1,888.5,985.4,1586.7,2103.9,7771.7,Congo Republic
Congo Republic,2021,2213.0,826.2,1021.4,1516.2,2004.4,7581.2,Congo Republic
Congo Republic,2022,2008.7,807.2,1107.7,1415.7,1825.0,7164.2,Congo Republic
Cote d'Ivoire,2009,74.8,8166.6,2418.9,0.0,2065.9,12726.2,Cote d'Ivoire
Cote d'Ivoire,2010,87.0,6841.1,2373.2,26.0,86.2,9413.5,Cote d'Ivoire
Cote d'Ivoire,2011,80.5,7320.1,2365.8,51.2,79.5,9897.1,Cote d'Ivoire
Cote d'Ivoire,2012,110.8,3162.7,555.4,53.6,1168.5,5051.0,Cote d'Ivoire
Cote d'Ivoire,2013,360.1,2882.7,686.1,58.5,2383.2,6370.5,Cote d'Ivoire
Cote d'Ivoire,2014,511.1,2215.8,751.7,58.5,3083.2,6620.3,Cote d'Ivoire
Cote d'Ivoire,2015,745.4,2736.1,895.2,51.0,4082.1,8509.8,Cote d'Ivoire
Cote d'Ivoire,2016,1161.1,1926.2,1020.6,42.5,4218.5,8368.9,Cote d'Ivoire
Cote d'Ivoire,2017,1663.4,1762.0,1582.2,34.0,5403.8,10445.3,Cote d'Ivoire
Cote d'Ivoire,2018,1943.8,1232.5,2023.7,25.5,7477.7,12703.2,Cote d'Ivoire
Cote d'Ivoire,2019,2395.8,967.1,2609.0,150.1,9105.0,15227.0,Cote d'Ivoire
Cote d'Ivoire,2020,2942.7,1147.6,4010.3,188.6,11331.1,19620.4,Cote d'Ivoire
Cote d'Ivoire,2021,3166.1,2284.3,4754.6,213.4,12402.5,22820.8,Cote d'Ivoire
Cote d'Ivoire,2022,3481.1,2279.7,5844.1,366.8,14013.8,25985.5,Cote d'Ivoire
DR Congo,2009,1058.9,6280.2,4185.6,,348.8,11873.4,DR Congo
DR Congo,2010,1155.0,764.8,2585.3,,77.4,4582.5,DR Congo
DR Congo,2011,1287.8,387.3,2392.6,,14.4,4082.2,DR Congo
DR Congo,2012,1506.2,417.5,2337.3,,27.2,4288.3,DR Congo
DR Congo,2013,1815.8,620.9,2264.6,,17.9,4719.1,DR Congo
DR Congo,2014,2254.9,544.2,1971.8,,9.4,4780.3,DR Congo
DR Congo,2015,2376.4,474.7,1872.2,,10.7,4733.9,DR Congo
DR Congo,2016,2339.5,421.1,1724.4,,1.6,4486.6,DR Congo
DR Congo,2017,2379.2,307.1,1994.9,,1.1,4682.3,DR Congo
DR Congo,2018,2410.6,294.3,2043.3,,29.8,4778.0,DR Congo
DR Congo,2019,2416.5,329.0,2128.0,,102.2,4975.6,DR Congo
DR Congo,2020,2446.3,378.6,2289.8,,97.3,5212.1,DR Congo
DR Congo,2021,2496.9,369.2,2448.3,,99.4,5413.9,DR Congo
DR Congo,2022,2262.5,326.8,2688.6,,73.5,5351.4,DR Congo
Djibouti,2009,26.4,292.9,399.7,,19.9,738.9,Djibouti
Djibouti,2010,22.9,166.3,406.1,,16.3,611.6,Djibouti
Djibouti,2011,19.5,179.2,429.5,,13.1,641.2,Djibouti
Djibouti,2012,15.6,186.1,421.2,,9.7,632.6,Djibouti
Djibouti,2013,24.6,197.4,436.7,,6.4,665.1,Djibouti
Djibouti,2014,178.7,201.9,428.8,,3.8,813.2,Djibouti
Djibouti,2015,518.0,203.7,451.8,,0.8,1174.3,Djibouti
Djibouti,2016,887.5,229.7,485.4,,0.2,1602.8,Djibouti
Djibouti,2017,1160.5,265.4,518.9,,0.0,1944.9,Djibouti
Djibouti,2018,1186.5,307.8,550.7,,,2045.0,Djibouti
Djibouti,2019,1195.5,338.7,611.4,,,2145.5,Djibouti
Djibouti,2020,1341.3,352.2,660.0,,,2353.5,Djibouti
Djibouti,2021,1336.4,378.6,691.6,,,2406.6,Djibouti
Djibouti,2022,1331.7,369.4,707.9,,,2409.0,Djibouti
Egypt,2009,144.9,19618.0,8723.2,0.0,2887.2,31373.2,Egypt
Egypt,2010,165.7,18574.9,9292.7,0.0,4184.2,32217.5,Egypt
Egypt,2011,170.4,17435.4,9610.2,0.0,3571.6,30787.5,Egypt
Egypt,2012,374.4,17541.1,10472.1,,3616.1,32003.7,Egypt
Egypt,2013,377.2,24422.9,10924.4,,6598.3,42322.8,Egypt
Egypt,2014,361.7,21920.7,10884.3,,3962.2,37128.9,Egypt
Egypt,2015,349.9,25815.5,11716.3,,6300.5,44182.2,Egypt
Egypt,2016,1948.7,29773.6,15846.5,,5661.7,53230.4,Egypt
Egypt,2017,2351.7,31562.0,18887.1,,12850.6,65651.3,Egypt
Egypt,2018,4212.4,31658.9,20136.5,,23442.4,79450.2,Egypt
Egypt,2019,4300.1,32074.8,21568.8,0.0,32192.2,90135.9,Egypt
Egypt,2020,3999.3,32654.3,26322.3,498.8,36374.6,99849.2,Egypt
Egypt,2021,3757.9,30484.9,28442.3,854.0,45149.1,108688.2,Egypt
Egypt,2022,3568.2,30513.6,29966.8,1646.1,44511.3,110206.0,Egypt
Eritrea,2009,133.2,222.2,657.5,,,1013.0,Eritrea
Eritrea,2010,133.9,213.2,651.4,,,998.4,Eritrea
Eritrea,2011,135.5,208.4,666.1,,,1010.0,Eritrea
Eritrea,2012,96.0,199.9,653.8,,,949.6,Eritrea
Eritrea,2013,57.3,195.4,641.6,,,894.4,Eritrea
Eritrea,2014,55.3,176.5,597.1,,,828.9,Eritrea
Eritrea,2015,49.1,160.8,572.5,,,782.4,Eritrea
Eritrea,2016,41.2,151.6,557.5,,,750.3,Eritrea
Eritrea,2017,37.8,146.9,587.3,,,772.0,Eritrea
Eritrea,2018,30.9,133.7,571.6,,,736.1,Eritrea
Eritrea,2019,26.2,124.7,567.1,,,718.1,Eritrea
Eritrea,2020,23.4,119.3,587.8,,,730.5,Eritrea
Eritrea,2021,19.1,95.9,565.4,,,680.4,Eritrea
Eritrea,2022,12.8,88.6,533.2,,,634.6,Eritrea
Eswatini,2009,1.8,136.6,253.7,,38.3,430.5,Eswatini
Eswatini,2010,1.6,150.0,238.5,,40.9,431.0,Eswatini
Eswatini,2011,1.4,141.0,209.8,,31.9,384.1,Eswatini
Eswatini,2012,1.2,126.2,189.2,,29.2,345.7,Eswatini
Eswatini,2013,1.0,119.1,167.4,,22.5,310.0,Eswatini
Eswatini,2014,0.8,119.9,158.7,,19.4,298.7,Eswatini
Eswatini,2015,0.5,133.2,149.4,,13.7,296.9,Eswatini
Eswatini,2016,32.5,151.1,167.9,,14.7,366.3,Eswatini
Eswatini,2017,57.2,149.8,204.7,,15.7,427.4,Eswatini
Eswatini,2018,125.0,138.5,222.5,,12.4,498.4,Eswatini
Eswatini,2019,159.0,125.5,244.8,,10.7,540.0,Eswatini
Eswatini,2020,189.3,110.7,274.2,,10.2,584.4,Eswatini
Eswatini,2021,185.8,84.0,340.7,,9.4,620.0,Eswatini
Eswatini,2022,182.4,69.3,497.1,,8.8,757.7,Eswatini
Ethiopia,2009,274.1,914.0,2313.4,968.0,294.7,4764.2,Ethiopia
Ethiopia,2010,549.1,1251.4,2812.4,1229.6,657.6,6500.1,Ethiopia
Ethiopia,2011,847.9,1387.6,3405.1,1265.3,1036.8,7942.8,Ethiopia
Ethiopia,2012,1370.0,1615.2,4112.1,1329.4,1518.1,9944.7,Ethiopia
Ethiopia,2013,1870.1,1660.8,5289.4,1353.9,1722.2,11896.4,Ethiopia
Ethiopia,2014,3598.5,1651.8,5977.9,1866.5,3107.7,16202.5,Ethiopia
Ethiopia,2015,4710.5,1790.6,6767.9,2560.8,3667.4,19497.1,Ethiopia
Ethiopia,2016,5588.8,2077.1,8144.6,2655.0,3669.1,22134.6,Ethiopia
Ethiopia,2017,6289.3,2121.9,10086.0,2444.8,4293.4,25235.4,Ethiopia
Ethiopia,2018,6479.4,2053.4,11042.7,2176.5,5099.1,26851.1,Ethiopia
Ethiopia,2019,6422.6,1996.6,12199.8,1917.2,5040.5,27576.8,Ethiopia
Ethiopia,2020,6281.5,2200.3,14023.6,1650.5,4860.2,29016.0,Ethiopia
Ethiopia,2021,6012.9,2001.8,14193.7,1403.3,4524.1,28135.8,Ethiopia
Ethiopia,2022,5649.4,1885.0,14244.1,1172.9,4068.9,27020.2,Ethiopia
Gabon,2009,204.9,454.2,460.0,0.0,1258.7,2377.8,Gabon
Gabon,2010,321.9,334.0,465.8,0.0,1396.9,2518.6,Gabon
Gabon,2011,389.6,239.1,540.1,0.0,1603.9,2772.7,Gabon
Gabon,2012,462.7,178.7,576.1,0.0,1686.9,2904.4,Gabon
Gabon,2013,674.9,212.1,601.7,0.0,2835.3,4323.9,Gabon
Gabon,2014,808.5,214.0,589.3,,2749.2,4361.1,Gabon
Gabon,2015,882.8,202.2,569.3,0.0,3059.7,4713.9,Gabon
Gabon,2016,931.2,205.4,563.5,122.8,3103.4,4926.3,Gabon
Gabon,2017,946.6,321.3,1450.4,157.2,3050.0,5925.5,Gabon
Gabon,2018,1034.9,358.9,1696.6,153.0,2826.7,6070.1,Gabon
Gabon,2019,1101.4,429.5,1919.9,120.2,2601.0,6172.1,Gabon
Gabon,2020,1090.4,477.6,2081.1,120.2,2787.8,6557.1,Gabon
Gabon,2021,1017.0,452.2,1934.8,120.2,2837.6,6361.8,Gabon
Gabon,2022,903.1,497.8,1882.7,102.1,2764.3,6150.1,Gabon
Gambia,2009,13.0,102.5,293.5,,3.4,412.4,Gambia
Gambia,2010,13.3,106.8,295.5,,6.4,422.0,Gambia
Gambia,2011,14.0,110.5,306.1,,4.1,434.7,Gambia
Gambia,2012,14.0,108.8,316.2,,9.6,448.6,Gambia
Gambia,2013,14.4,123.2,326.0,,11.0,474.5,Gambia
Gambia,2014,0.0,128.7,320.4,,8.9,458.0,Gambia
Gambia,2015,,138.6,340.5,,6.2,485.3,Gambia
Gambia,2016,,140.4,325.2,,11.7,477.3,Gambia
Gambia,2017,0.0,163.1,427.2,,11.3,601.6,Gambia
Gambia,2018,0.0,169.7,455.9,,7.3,633.0,Gambia
Gambia,2019,25.0,204.9,475.4,,4.7,710.1,Gambia
Gambia,2020,26.8,239.1,528.2,,2.6,796.6,Gambia
Gambia,2021,27.5,255.6,532.0,,0.8,815.9,Gambia
Gambia,2022,25.1,279.9,536.4,,0.0,841.3,Gambia
Ghana,2009,373.3,666.2,2336.3,,954.4,4330.1,Ghana
Ghana,2010,623.5,897.3,2748.7,,1130.0,5399.5,Ghana
Ghana,2011,858.1,1066.7,3282.4,,1493.3,6700.6,Ghana
Ghana,2012,1440.3,1250.0,3698.7,17.0,1627.5,8033.5,Ghana
Ghana,2013,2156.8,1304.8,4061.6,17.0,3254.5,10794.8,Ghana
Ghana,2014,2389.2,1665.3,4165.5,17.0,4580.5,12817.4,Ghana
Ghana,2015,2364.2,1744.1,4592.0,90.3,5893.2,14683.8,Ghana
Ghana,2016,2177.0,1733.9,4742.7,102.0,7070.9,15826.5,Ghana
Ghana,2017,1927.6,1875.8,5398.3,102.8,7027.2,16331.8,Ghana
Ghana,2018,1678.6,1803.5,5392.9,141.7,8004.4,17021.1,Ghana
Ghana,2019,1539.7,1778.2,5512.9,310.6,10432.9,19574.3,Ghana
Ghana,2020,1513.9,1766.4,6079.8,278.1,13251.7,22889.9,Ghana
Ghana,2021,1618.7,1823.7,6306.1,273.5,16605.5,26627.5,Ghana
Ghana,2022,1641.8,1776.5,7142.1,263.4,16822.7,27646.6,Ghana
Guinea,2009,58.4,999.0,1906.5,,25.7,2989.6,Guinea
Guinea,2010,60.7,963.9,1875.2,,25.0,2924.9,Guinea
Guinea,2011,61.7,968.8,1904.8,,24.7,2960.0,Guinea
Guinea,2012,60.7,353.0,586.6,,24.9,1025.2,Guinea
Guinea,2013,253.9,434.4,618.6,,25.3,1332.2,Guinea
Guinea,2014,368.8,434.9,625.6,,24.1,1453.3,Guinea
Guinea,2015,513.3,463.4,594.2,,23.2,1594.1,Guinea
Guinea,2016,549.9,571.5,620.0,,22.9,1764.3,Guinea
Guinea,2017,573.7,572.5,689.6,,24.0,1859.8,Guinea
Guinea,2018,604.0,538.1,823.4,0.0,23.6,1989.1,Guinea
Guinea,2019,1237.9,531.9,1027.6,44.4,23.4,2865.2,Guinea
Guinea,2020,1291.1,532.4,1239.2,203.8,24.2,3290.7,Guinea
Guinea,2021,1280.7,528.7,1406.1,259.3,23.5,3498.2,Guinea
Guinea,2022,1264.3,569.5,1430.9,398.2,23.0,3686.0,Guinea
Guinea-Bissau,2009,,450.4,506.5,,,957.0,Guinea-Bissau
Guinea-Bissau,2010,,487.8,491.3,,,979.1,Guinea-Bissau
Guinea-Bissau,2011,,123.0,103.0,,,226.0,Guinea-Bissau
Guinea-Bissau,2012,,123.8,99.1,,,222.8,Guinea-Bissau
Guinea-Bissau,2013,,123.7,110.6,,3.2,237.5,Guinea-Bissau
Guinea-Bissau,2014,,122.6,129.3,,20.6,272.5,Guinea-Bissau
Guinea-Bissau,2015,,121.5,166.1,,28.4,316.0,Guinea-Bissau
Guinea-Bissau,2016,,121.3,174.3,,27.9,323.5,Guinea-Bissau
Guinea-Bissau,2017,,95.4,232.7,,68.5,396.6,Guinea-Bissau
Guinea-Bissau,2018,,94.7,289.7,,96.7,481.2,Guinea-Bissau
Guinea-Bissau,2019,,96.3,343.9,,126.2,566.4,Guinea-Bissau
Guinea-Bissau,2020,,95.7,474.3,,212.5,782.5,Guinea-Bissau
Guinea-Bissau,2021,,127.5,480.7,,321.6,929.7,Guinea-Bissau
Guinea-Bissau,2022,,124.9,478.1,,321.6,924.5,Guinea-Bissau
Kenya,2009,171.3,2333.2,3946.2,2.8,313.9,6767.5,Kenya
Kenya,2010,275.0,2369.0,4109.7,2.9,270.5,7027.1,Kenya
Kenya,2011,476.1,2500.0,4399.2,0.8,274.0,7650.0,Kenya
Kenya,2012,706.6,2440.8,4919.7,0.0,895.4,8962.5,Kenya
Kenya,2013,932.7,2350.9,5579.3,,907.0,9770.0,Kenya
Kenya,2014,2229.6,2056.2,6001.5,,3013.0,13300.2,Kenya
Kenya,2015,3126.5,1910.4,6355.4,,3753.6,15145.9,Kenya
Kenya,2016,4322.6,2005.5,6966.7,,3851.8,17146.6,Kenya
Kenya,2017,5820.3,2952.4,8770.0,,4856.7,22399.3,Kenya
Kenya,2018,6879.2,3376.5,10108.3,,6624.1,26988.0,Kenya
Kenya,2019,7470.8,3541.6,12708.7,,7092.9,30814.1,Kenya
Kenya,2020,7257.7,3766.4,15110.7,,7398.6,33533.4,Kenya
Kenya,2021,7368.0,3749.5,15780.3,,8330.0,35227.9,Kenya
Kenya,2022,6685.8,3433.9,16719.8,,8197.8,35037.2,Kenya
Lesotho,2009,27.4,23.5,614.0,,22.9,687.8,Lesotho
Lesotho,2010,29.6,25.4,632.7,,21.5,709.2,Lesotho
Lesotho,2011,32.5,28.2,650.1,,18.5,729.3,Lesotho
Lesotho,2012,41.6,34.4,668.6,,17.4,762.0,Lesotho
Lesotho,2013,43.6,40.8,671.9,,15.6,771.9,Lesotho
Lesotho,2014,42.6,61.8,652.0,,12.8,769.3,Lesotho
Lesotho,2015,40.2,71.2,655.8,,6.6,773.8,Lesotho
Lesotho,2016,49.7,71.0,648.5,,5.6,774.8,Lesotho
Lesotho,2017,50.0,68.5,703.5,,5.6,827.5,Lesotho
Lesotho,2018,43.7,64.0,697.0,,4.6,809.3,Lesotho
Lesotho,2019,71.5,59.2,721.7,,3.8,856.2,Lesotho
Lesotho,2020,114.7,56.6,755.5,,4.1,930.8,Lesotho
Lesotho,2021,146.5,68.4,759.5,,3.6,978.0,Lesotho
Lesotho,2022,162.6,59.7,742.5,,3.2,968.1,Lesotho
Liberia,2009,0.0,498.1,151.1,,20.5,669.7,Liberia
Liberia,2010,0.0,119.8,63.3,,0.0,183.1,Liberia
Liberia,2011,5.8,122.4,59.8,,,188.0,Liberia
Liberia,2012,5.8,121.4,81.2,,,208.5,Liberia
Liberia,2013,5.6,109.4,114.5,,,229.5,Liberia
Liberia,2014,5.6,108.0,182.6,,,296.3,Liberia
Liberia,2015,5.5,108.8,320.0,,,434.3,Liberia
Liberia,2016,5.5,127.1,393.4,,,526.0,Liberia
Liberia,2017,21.3,130.8,503.4,,,655.6,Liberia
Liberia,2018,54.2,61.6,597.2,,0.0,712.9,Liberia
Liberia,2019,53.2,64.1,704.6,,,821.9,Liberia
Liberia,2020,57.2,62.3,828.1,,,947.6,Liberia
Liberia,2021,58.5,61.0,897.6,,,1017.1,Liberia
Liberia,2022,53.7,60.7,995.1,,,1109.5,Liberia
Madagascar,2009,54.1,347.0,1486.4,,7.5,1894.9,Madagascar
Madagascar,2010,62.3,393.3,1575.3,,8.0,2038.9,Madagascar
Madagascar,2011,65.5,433.5,1644.2,,7.9,2151.2,Madagascar
Madagascar,2012,65.6,451.7,1723.8,,7.9,2249.0,Madagascar
Madagascar,2013,67.7,380.9,1853.9,,29.0,2331.5,Madagascar
Madagascar,2014,63.0,402.3,1914.6,,25.7,2405.6,Madagascar
Madagascar,2015,55.1,394.7,1973.8,,86.4,2509.9,Madagascar
Madagascar,2016,47.1,324.8,2016.6,,78.1,2466.6,Madagascar
Madagascar,2017,45.6,309.3,2254.8,,126.6,2736.3,Madagascar
Madagascar,2018,77.6,312.1,2347.3,,163.7,2900.7,Madagascar
Madagascar,2019,135.4,339.8,2488.2,,153.6,3117.0,Madagascar
Madagascar,2020,155.4,398.1,2808.6,,146.0,3508.1,Madagascar
Madagascar,2021,184.3,427.4,2986.0,,117.8,3715.4,Madagascar
Madagascar,2022,314.3,461.9,3058.8,,99.3,3934.2,Madagascar
Malawi,2009,26.4,267.3,547.0,,5.8,846.5,Malawi
Malawi,2010,47.0,91.2,585.9,,5.4,729.5,Malawi
Malawi,2011,155.3,133.7,634.6,,5.2,928.8,Malawi
Malawi,2012,173.0,138.5,709.8,,5.3,1026.7,Malawi
Malawi,2013,242.5,162.1,839.8,,5.6,1250.0,Malawi
Malawi,2014,241.8,194.6,934.0,,2.1,1372.5,Malawi
Malawi,2015,238.6,202.3,1013.0,,0.0,1453.9,Malawi
Malawi,2016,217.4,201.8,1087.9,,,1507.0,Malawi
Malawi,2017,220.1,200.3,1369.4,,,1789.8,Malawi
Malawi,2018,220.4,218.8,1487.0,,,1926.2,Malawi
Malawi,2019,205.0,215.7,1600.2,,,2020.9,Malawi
Malawi,2020,234.5,203.3,1799.2,,,2237.0,Malawi
Malawi,2021,239.3,211.3,1928.7,,,2379.4,Malawi
Malawi,2022,227.9,196.7,2119.3,,,2543.9,Malawi
Mali,2009,76.8,337.6,1565.2,,6.9,1986.4,Mali
Mali,2010,72.5,380.2,1788.0,,5.2,2245.9,Mali
Mali,2011,79.4,399.5,2001.7,,3.9,2484.4,Mali
Mali,2012,208.7,425.1,2156.9,,3.5,2794.1,Mali
Mali,2013,277.6,421.0,2436.2,,2.5,3137.3,Mali
Mali,2014,364.1,410.9,2423.7,,1.4,3200.1,Mali
Mali,2015,451.4,425.0,2532.2,,0.7,3409.4,Mali
Mali,2016,511.8,423.6,2543.6,,0.4,3479.4,Mali
Mali,2017,540.8,431.7,2921.6,,0.2,3894.2,Mali
Mali,2018,519.5,470.8,3055.5,,0.1,4045.9,Mali
Mali,2019,545.0,516.3,3390.7,,0.0,4452.1,Mali
Mali,2020,596.9,668.7,3794.9,,,5060.6,Mali
Mali,2021,608.1,981.5,3781.2,,,5370.8,Mali
Mali,2022,531.9,1102.8,3775.9,,,5410.6,Mali
Mauritania,2009,144.5,600.4,1231.7,,12.4,1989.0,Mauritania
Mauritania,2010,149.0,674.8,1500.9,,1.2,2325.9,Mauritania
Mauritania,2011,182.0,742.7,1640.8,,0.0,2565.5,Mauritania
Mauritania,2012,182.3,1011.3,1827.8,,,3021.4,Mauritania
Mauritania,2013,251.1,1063.8,1931.9,,,3246.7,Mauritania
Mauritania,2014,240.2,1012.8,2043.5,,,3296.5,Mauritania
Mauritania,2015,340.5,1277.7,2093.3,,,3711.6,Mauritania
Mauritania,2016,339.4,1287.2,2238.5,,,3865.2,Mauritania
Mauritania,2017,348.2,1295.8,2357.8,,,4001.8,Mauritania
Mauritania,2018,326.3,1340.3,2283.9,,,3950.6,Mauritania
Mauritania,2019,322.2,1335.8,2386.1,,,4044.1,Mauritania
Mauritania,2020,340.3,1387.2,2489.6,,,4217.1,Mauritania
Mauritania,2021,352.9,1330.4,2355.1,,,4038.5,Mauritania
Mauritania,2022,326.6,1263.6,2250.9,,,3841.1,Mauritania
Mauritius,2009,55.4,222.6,376.7,,85.5,740.2,Mauritius
Mauritius,2010,149.8,237.6,500.7,,118.9,1007.0,Mauritius
Mauritius,2011,219.5,297.2,579.4,,75.5,1171.5,Mauritius
Mauritius,2012,336.3,327.4,631.1,,74.1,1368.9,Mauritius
Mauritius,2013,403.8,390.6,880.1,,61.8,1736.3,Mauritius
Mauritius,2014,430.3,378.4,958.7,,45.7,1813.1,Mauritius
Mauritius,2015,417.7,377.3,889.8,,35.2,1720.0,Mauritius
Mauritius,2016,368.8,355.1,876.8,,29.4,1630.1,Mauritius
Mauritius,2017,341.5,364.7,815.4,,33.4,1555.0,Mauritius
Mauritius,2018,336.1,318.0,756.5,,23.6,1434.3,Mauritius
Mauritius,2019,294.5,282.2,789.1,,19.9,1385.7,Mauritius
Mauritius,2020,285.4,807.5,790.4,,33.2,1916.5,Mauritius
Mauritius,2021,252.1,1050.3,701.8,,822.1,2826.3,Mauritius
Mauritius,2022,203.9,1105.8,633.3,,1156.9,3099.9,Mauritius
Morocco,2009,122.7,6552.7,10077.7,,2527.7,19280.8,Morocco
Morocco,2010,528.1,6534.8,10186.2,,3846.3,21095.4,Morocco
Morocco,2011,531.3,6709.6,11328.1,,3866.9,22435.9,Morocco
Morocco,2012,544.0,7006.5,12071.7,,5525.8,25148.1,Morocco
Morocco,2013,532.8,6988.5,14188.4,,6591.2,28300.8,Morocco
Morocco,2014,542.5,6803.2,13673.9,,9122.2,30141.7,Morocco
Morocco,2015,523.2,6629.9,13205.2,,10769.2,31127.4,Morocco
Morocco,2016,663.7,6749.2,13572.0,,10446.7,31431.5,Morocco
Morocco,2017,626.4,7545.1,16075.6,,10519.0,34766.2,Morocco
Morocco,2018,559.5,6921.4,15667.7,,10336.0,33484.6,Morocco
Morocco,2019,484.5,6471.0,16669.4,,12867.8,36492.7,Morocco
Morocco,2020,445.4,6974.1,19693.2,,16539.1,43651.8,Morocco
Morocco,2021,405.9,6397.4,19053.8,,16250.8,42108.0,Morocco
Morocco,2022,366.0,6527.0,19907.3,,14263.5,41063.9,Morocco
Mozambique,2009,162.0,1113.0,2021.6,,26.8,3323.3,Mozambique
Mozambique,2010,121.8,783.0,2261.9,,96.1,3262.7,Mozambique
Mozambique,2011,224.8,885.4,2573.7,,209.8,3893.7,Mozambique
Mozambique,2012,360.5,1027.1,2916.7,,233.6,4538.0,Mozambique
Mozambique,2013,705.4,1422.4,3378.3,,1771.5,7277.5,Mozambique
Mozambique,2014,1295.4,1451.4,3478.0,,2238.8,8463.6,Mozambique
Mozambique,2015,1491.1,1689.4,3671.1,,2109.4,8961.1,Mozambique
Mozambique,2016,1625.8,1775.4,3783.6,,2074.0,9258.8,Mozambique
Mozambique,2017,1977.6,1963.3,4131.3,,2016.1,10088.4,Mozambique
Mozambique,2018,2103.4,2038.2,4255.0,,1819.4,10216.0,Mozambique
Mozambique,2019,2038.4,2113.8,4454.6,,1777.5,10384.3,Mozambique
Mozambique,2020,2013.4,2223.0,4746.4,,1571.6,10554.5,Mozambique
Mozambique,2021,1974.4,2210.0,4674.8,,1445.7,10304.9,Mozambique
Mozambique,2022,1703.6,2128.3,4474.5,,1323.7,9630.2,Mozambique
Niger,2009,142.0,191.4,621.7,,1.2,956.3,Niger
Niger,2010,335.6,205.3,663.8,,1.2,1205.8,Niger
Niger,2011,890.0,200.8,815.4,,0.0,1906.2,Niger
Niger,2012,362.0,228.2,935.0,,,1525.2,Niger
Niger,2013,347.5,308.7,1084.2,,,1740.3,Niger
Niger,2014,307.4,303.1,1126.4,,,1737.0,Niger
Niger,2015,279.5,263.4,1429.9,,,1972.7,Niger
Niger,2016,311.9,291.6,1632.8,,,2236.3,Niger
Niger,2017,337.3,323.9,2023.0,,,2684.3,Niger
Niger,2018,368.7,355.0,2081.1,,,2804.7,Niger
Niger,2019,326.8,376.5,2451.7,,,3155.0,Niger
Niger,2020,302.7,426.7,3057.7,,219.3,4006.4,Niger
Niger,2021,288.7,435.4,3311.7,,202.4,4238.1,Niger
Niger,2022,225.4,472.3,3755.6,,183.0,4636.3,Niger
Nigeria,2009,612.0,1.9,3520.9,82.8,3.8,4221.3,Nigeria
Nigeria,2010,379.8,1.3,4304.4,0.0,0.0,4685.5,Nigeria
Nigeria,2011,636.8,0.6,4798.5,,500.0,5935.9,Nigeria
Nigeria,2012,803.0,20.0,5356.4,,500.0,6679.3,Nigeria
Nigeria,2013,987.6,59.0,6238.4,,1000.0,8285.0,Nigeria
Nigeria,2014,1293.1,145.7,6727.3,,1500.0,9666.2,Nigeria
Nigeria,2015,1444.7,238.0,7494.8,,1500.0,10677.5,Nigeria
Nigeria,2016,1642.0,293.2,7893.0,,1500.0,11328.3,Nigeria
Nigeria,2017,1931.0,488.6,10137.0,,6300.0,18856.6,Nigeria
Nigeria,2018,2485.1,664.7,10971.9,,11168.4,25290.0,Nigeria
Nigeria,2019,3175.1,703.3,12564.8,,11168.4,27611.6,Nigeria
Nigeria,2020,3404.0,841.6,14327.7,,13539.6,32112.9,Nigeria
Nigeria,2021,3634.6,879.3,15260.7,,16430.5,36205.1,Nigeria
Nigeria,2022,4291.7,877.3,16992.0,,17842.7,40003.7,Nigeria
Rwanda,2009,6.2,94.1,615.3,,,715.5,Rwanda
Rwanda,2010,20.4,99.3,639.3,,,759.0,Rwanda
Rwanda,2011,28.7,123.1,819.7,,,971.5,Rwanda
Rwanda,2012,31.0,137.7,876.5,,,1045.2,Rwanda
Rwanda,2013,56.4,160.8,935.5,,400.0,1552.7,Rwanda
Rwanda,2014,86.3,167.3,1101.9,,400.0,1755.4,Rwanda
Rwanda,2015,117.1,177.4,1362.8,,400.0,2057.3,Rwanda
Rwanda,2016,129.5,178.2,1645.5,,400.0,2353.3,Rwanda
Rwanda,2017,160.0,192.5,2080.9,,400.0,2833.4,Rwanda
Rwanda,2018,160.4,221.7,2467.4,,400.0,3249.5,Rwanda
Rwanda,2019,194.7,291.5,2978.8,,464.1,3929.1,Rwanda
Rwanda,2020,258.1,381.7,3737.3,,745.1,5122.2,Rwanda
Rwanda,2021,333.5,481.7,3923.9,,1055.0,5794.1,Rwanda
Rwanda,2022,332.5,502.3,4135.3,,1174.5,6144.5,Rwanda
Sao Tome and Principe,2009,17.5,70.8,36.7,,,125.0,Sao Tome and Principe
Sao Tome and Principe,2010,17.7,90.4,37.3,,,145.3,Sao Tome and Principe
Sao Tome and Principe,2011,18.3,128.3,41.7,,,188.2,Sao Tome and Principe
Sao Tome and Principe,2012,18.3,109.6,38.7,,,166.6,Sao Tome and Principe
Sao Tome and Principe,2013,18.5,123.4,38.9,,,180.8,Sao Tome and Principe
Sao Tome and Principe,2014,18.5,142.2,37.7,,,198.5,Sao Tome and Principe
Sao Tome and Principe,2015,18.1,150.2,37.9,,10.0,216.2,Sao Tome and Principe
Sao Tome and Principe,2016,17.6,153.8,40.1,,10.0,221.5,Sao Tome and Principe
Sao Tome and Principe,2017,18.1,169.5,44.9,,10.0,242.5,Sao Tome and Principe
Sao Tome and Principe,2018,0.0,166.4,46.9,,10.0,223.3,Sao Tome and Principe
Sao Tome and Principe,2019,,181.8,48.9,,10.0,240.7,Sao Tome and Principe
Sao Tome and Principe,2020,,190.6,55.9,,10.0,256.4,Sao Tome and Principe
Sao Tome and Principe,2021,,185.4,54.0,,10.0,249.4,Sao Tome and Principe
Sao Tome and Principe,2022,,248.0,51.1,,10.0,309.1,Sao Tome and Principe
Senegal,2009,175.6,770.6,1806.2,,201.9,2954.2,Senegal
Senegal,2010,184.1,793.8,1972.8,,200.0,3150.7,Senegal
Senegal,2011,210.3,665.0,2239.3,,500.0,3614.7,Senegal
Senegal,2012,301.7,868.7,2526.8,,486.0,4183.1,Senegal
Senegal,2013,334.8,888.5,2795.4,,496.6,4515.3,Senegal
Senegal,2014,360.0,910.1,2756.2,,942.0,4968.4,Senegal
Senegal,2015,503.8,993.3,2778.2,,1059.7,5335.0,Senegal
Senegal,2016,902.2,1153.3,3060.4,,1043.7,6159.6,Senegal
Senegal,2017,1142.9,1364.2,3625.3,,2224.3,8356.8,Senegal
Senegal,2018,1315.0,1593.9,3760.7,0.0,4476.1,11145.7,Senegal
Senegal,2019,1276.3,1694.2,4844.9,0.0,4452.1,12267.5,Senegal
Senegal,2020,1374.5,2053.5,5931.8,0.0,4664.8,14024.6,Senegal
Senegal,2021,1343.0,1986.5,6184.6,0.0,4919.6,14433.7,Senegal
Senegal,2022,1249.4,1781.9,6616.5,0.7,4875.0,14523.6,Senegal
Sierra Leone,2009,25.2,46.1,322.2,,211.1,604.7,Sierra Leone
Sierra Leone,2010,25.7,52.8,371.2,,211.1,660.8,Sierra Leone
Sierra Leone,2011,28.9,88.9,415.6,,208.0,741.4,Sierra Leone
Sierra Leone,2012,47.9,95.4,487.4,,209.6,840.3,Sierra Leone
Sierra Leone,2013,51.0,106.4,552.1,,195.4,904.9,Sierra Leone
Sierra Leone,2014,49.6,107.3,564.0,,195.4,916.4,Sierra Leone
Sierra Leone,2015,57.0,112.0,590.9,,193.4,953.4,Sierra Leone
Sierra Leone,2016,53.2,133.9,601.7,,193.4,982.3,Sierra Leone
Sierra Leone,2017,53.0,127.2,674.8,,193.4,1048.4,Sierra Leone
Sierra Leone,2018,47.7,139.7,686.8,,193.4,1067.6,Sierra Leone
Sierra Leone,2019,44.1,176.6,758.8,,187.0,1166.4,Sierra Leone
Sierra Leone,2020,63.0,175.3,855.6,,179.4,1273.3,Sierra Leone
Sierra Leone,2021,74.3,175.6,892.5,,168.0,1310.4,Sierra Leone
Sierra Leone,2022,67.6,167.7,877.6,,164.9,1277.7,Sierra Leone
Somalia,2009,,1104.7,779.9,,,1884.6,Somalia
Somalia,2010,,1105.5,773.4,,,1878.9,Somalia
Somalia,2011,,1105.9,772.7,,,1878.6,Somalia
Somalia,2012,,1099.4,771.0,,,1870.3,Somalia
Somalia,2013,,1091.9,768.4,,,1860.3,Somalia
Somalia,2014,,1065.6,733.7,,,1799.3,Somalia
Somalia,2015,,1048.4,710.5,,,1758.8,Somalia
Somalia,2016,,1045.7,698.2,,,1743.9,Somalia
Somalia,2017,,1062.4,725.0,,,1787.4,Somalia
Somalia,2018,,1363.3,716.5,,,2079.8,Somalia
Somalia,2019,,1363.1,714.3,,,2077.4,Somalia
Somalia,2020,,2264.0,372.6,,,2636.6,Somalia
Somalia,2021,,1975.6,365.6,,,2341.2,Somalia
Somalia,2022,,2001.0,338.4,,,2339.4,Somalia
South Africa,2009,,105.4,227.2,,23009.7,23342.4,South Africa
South Africa,2010,,98.5,1138.9,,35091.9,36329.4,South Africa
South Africa,2011,,133.6,1457.3,,42704.8,44295.8,South Africa
South Africa,2012,,171.7,2839.0,,58125.5,61136.2,South Africa
South Africa,2013,,175.4,3121.9,,56770.9,60068.2,South Africa
South Africa,2014,,159.6,4184.3,,58316.2,62660.0,South Africa
South Africa,2015,,352.2,3567.4,,49990.3,53909.9,South Africa
South Africa,2016,,483.9,4255.8,,64942.8,69682.4,South Africa
South Africa,2017,1000.0,593.9,5552.2,,83485.4,90631.4,South Africa
South Africa,2018,1400.0,531.1,4865.9,,81869.8,88666.8,South Africa
South Africa,2019,2298.8,539.7,4869.7,,94345.4,102053.6,South Africa
South Africa,2020,2918.1,485.9,5859.1,,90172.1,99435.2,South Africa
South Africa,2021,3303.5,408.2,6646.2,,84820.1,95178.0,South Africa
South Africa,2022,3428.9,705.7,7289.8,,80192.1,91616.5,South Africa
Sudan,2009,1928.6,6136.8,3365.2,0.1,2465.1,13895.6,Sudan
Sudan,2010,2356.6,6257.7,3378.0,0.1,2645.3,14637.7,Sudan
Sudan,2011,1681.7,6326.1,3521.0,0.0,3759.4,15288.3,Sudan
Sudan,2012,1668.7,6363.1,3495.1,,4347.6,15874.5,Sudan
Sudan,2013,1694.7,6458.4,3607.3,,4801.1,16561.5,Sudan
Sudan,2014,1677.2,6295.9,3490.0,,4588.5,16051.6,Sudan
Sudan,2015,1579.5,6432.7,3351.0,,4582.5,15945.7,Sudan
Sudan,2016,1487.7,6328.1,3337.8,,4536.9,15690.5,Sudan
Sudan,2017,1421.1,6493.6,3455.4,,4615.8,15985.8,Sudan
Sudan,2018,1330.2,6424.9,3410.9,,4596.4,15762.5,Sudan
Sudan,2019,1246.2,7246.1,3671.7,,4630.1,16794.2,Sudan
Sudan,2020,1187.6,7324.1,3746.6,,4826.1,17084.4,Sudan
Sudan,2021,1112.8,7226.3,2521.3,,4750.9,15611.3,Sudan
Sudan,2022,1040.7,7110.2,2375.4,,4726.7,15253.0,Sudan
Tanzania,2009,221.3,768.7,3606.9,,132.1,4729.0,Tanzania
Tanzania,2010,236.8,914.7,4411.8,,134.6,5698.0,Tanzania
Tanzania,2011,320.3,1031.7,4815.7,131.8,353.8,6653.3,Tanzania
Tanzania,2012,587.8,1091.1,5506.5,156.8,553.5,7895.7,Tanzania
Tanzania,2013,1209.1,1043.7,6459.0,165.0,1318.3,10195.2,Tanzania
Tanzania,2014,1939.0,1157.7,6889.0,145.3,1294.9,11426.0,Tanzania
Tanzania,2015,2366.1,1315.4,7427.8,124.7,1263.8,12497.8,Tanzania
Tanzania,2016,2418.9,1647.2,7750.0,109.2,1179.8,13105.2,Tanzania
Tanzania,2017,2478.7,1715.6,8865.6,100.7,1402.7,14563.4,Tanzania
Tanzania,2018,2331.7,1927.8,9385.2,84.4,1582.3,15311.3,Tanzania
Tanzania,2019,2170.6,2026.0,10087.9,205.1,2363.5,16853.1,Tanzania
Tanzania,2020,1962.9,2165.7,11176.0,190.2,2135.0,17629.9,Tanzania
Tanzania,2021,1839.1,2197.1,11452.2,153.7,3292.6,18934.7,Tanzania
Tanzania,2022,1580.0,2186.4,12555.8,106.6,3026.3,19455.2,Tanzania
Togo,2009,36.3,609.6,829.3,,,1475.2,Togo
Togo,2010,72.6,74.1,852.2,,,998.9,Togo
Togo,2011,73.4,78.2,213.3,,,364.9,Togo
Togo,2012,162.3,75.4,207.8,,,445.5,Togo
Togo,2013,195.2,64.2,276.0,,49.6,585.0,Togo
Togo,2014,299.2,64.9,310.3,,32.8,707.3,Togo
Togo,2015,377.7,76.5,348.3,,31.0,833.4,Togo
Togo,2016,460.7,86.5,411.4,,19.5,978.1,Togo
Togo,2017,522.9,91.5,509.3,,11.1,1134.8,Togo
Togo,2018,532.7,87.5,532.5,,3.6,1156.4,Togo
Togo,2019,517.0,87.3,625.8,,116.4,1346.5,Togo
Togo,2020,526.6,108.6,784.9,,308.5,1728.6,Togo
Togo,2021,518.5,138.0,776.3,,286.0,1718.8,Togo
Togo,2022,444.0,166.0,815.9,,264.6,1690.6,Togo
Tunisia,2009,47.2,3330.9,6764.7,,4899.3,15042.0,Tunisia
Tunisia,2010,43.3,3361.0,6985.0,,4475.9,14865.2,Tunisia
Tunisia,2011,37.8,3554.2,7854.6,,3678.4,15125.0,Tunisia
Tunisia,2012,77.2,3603.7,8888.7,,4137.1,16706.6,Tunisia
Tunisia,2013,107.1,3630.5,9575.8,,3666.7,16980.2,Tunisia
Tunisia,2014,97.0,3519.9,8980.0,,4442.9,17039.9,Tunisia
Tunisia,2015,94.9,3346.8,9139.3,,5561.4,18142.4,Tunisia
Tunisia,2016,85.9,3326.9,9228.7,,6002.1,18643.6,Tunisia
Tunisia,2017,79.0,3661.4,11013.6,,7542.4,22296.4,Tunisia
Tunisia,2018,68.6,3559.0,10998.0,,7971.1,22596.7,Tunisia
Tunisia,2019,59.3,4490.7,11338.0,,7926.5,23814.5,Tunisia
Tunisia,2020,52.1,5391.6,12825.5,,7503.9,25773.1,Tunisia
Tunisia,2021,46.6,5172.1,12119.4,,5786.9,23125.0,Tunisia
Tunisia,2022,41.2,4784.1,11798.9,,4897.4,21521.7,Tunisia
Uganda,2009,56.1,173.7,2017.2,,0.2,2247.2,Uganda
Uganda,2010,93.0,163.7,2416.2,,0.0,2672.9,Uganda
Uganda,2011,99.0,157.3,2707.0,,,2963.3,Uganda
Uganda,2012,282.3,155.2,3040.9,,,3478.4,Uganda
Uganda,2013,337.6,160.1,3566.7,,,4064.5,Uganda
Uganda,2014,399.4,165.5,3648.0,,,4212.8,Uganda
Uganda,2015,762.5,222.7,3884.1,,,4869.3,Uganda
Uganda,2016,1098.8,269.2,4077.2,,0.5,5445.7,Uganda
Uganda,2017,1545.5,468.8,4866.8,,8.4,6889.6,Uganda
Uganda,2018,1945.7,666.0,5038.6,,50.3,7700.5,Uganda
Uganda,2019,2149.2,751.7,5653.7,,83.3,8637.9,Uganda
Uganda,2020,2628.0,995.1,7583.3,,519.3,11725.6,Uganda
Uganda,2021,2635.8,1058.6,8195.7,,486.5,12376.6,Uganda
Uganda,2022,2705.2,982.1,8166.0,,409.5,12262.8,Uganda
Zambia,2009,208.1,16.9,871.1,52.8,4.7,1153.6,Zambia
Zambia,2010,314.9,15.9,924.9,53.8,2.3,1311.8,Zambia
Zambia,2011,872.4,171.1,969.8,52.0,0.0,2065.3,Zambia
Zambia,2012,1240.2,298.5,1081.2,181.4,750.0,3551.3,Zambia
Zambia,2013,1316.9,294.2,1192.0,267.3,1000.0,4070.4,Zambia
Zambia,2014,1684.8,341.7,1248.4,296.6,2000.0,5571.5,Zambia
Zambia,2015,2014.5,348.4,1356.1,283.8,3329.1,7331.9,Zambia
Zambia,2016,2402.7,357.9,1487.5,276.6,3404.3,7929.1,Zambia
Zambia,2017,2687.2,395.8,1723.5,524.4,4588.9,9919.8,Zambia
Zambia,2018,2961.7,518.0,1922.7,708.2,5292.5,11403.1,Zambia
Zambia,2019,3518.5,816.1,2240.1,1574.4,5376.2,13525.3,Zambia
Zambia,2020,3865.8,1042.6,3073.1,1935.9,5584.8,15502.3,Zambia
Zambia,2021,3934.0,1133.7,3163.6,1949.6,5492.3,15673.2,Zambia
Zambia,2022,3835.3,1196.7,3877.9,1896.5,5322.2,16128.6,Zambia
Zimbabwe,2009,399.8,1369.0,1639.4,,462.2,3870.4,Zimbabwe
Zimbabwe,2010,406.6,1331.8,1613.6,,448.2,3800.3,Zimbabwe
Zimbabwe,2011,504.9,1321.5,1608.6,,444.4,3879.4,Zimbabwe
Zimbabwe,2012,685.7,1313.6,1640.2,,452.5,4091.9,Zimbabwe
Zimbabwe,2013,743.0,1306.5,1628.9,,463.2,4141.6,Zimbabwe
Zimbabwe,2014,816.5,1202.8,1551.3,,426.4,3996.9,Zimbabwe
Zimbabwe,2015,1003.2,1141.1,1640.6,,404.6,4189.5,Zimbabwe
Zimbabwe,2016,1141.2,1119.2,1557.6,,413.0,4231.0,Zimbabwe
Zimbabwe,2017,1254.9,1228.3,1415.0,,434.7,4332.8,Zimbabwe
Zimbabwe,2018,1470.2,1219.2,1213.7,,418.1,4321.2,Zimbabwe
Zimbabwe,2019,1567.2,1225.9,1201.5,,412.2,4406.8,Zimbabwe
Zimbabwe,2020,1645.6,1306.8,1234.6,,430.9,4617.8,Zimbabwe
Zimbabwe,2021,1792.4,1235.9,1201.1,,408.1,4637.4,Zimbabwe
Zimbabwe,2022,2001.6,1177.7,1168.9,,380.0,4728.2,Zimbabwe
