date,Africa (median),Algeria,Angola,Benin,Botswana,Burkina Faso,Burundi,Cabo Verde,Cameroon,Central African Republic,Chad,Comoros,Congo Republic,Cote d'Ivoire,DR Congo,Djibouti,Egypt,Eswatini,Ethiopia,Gambia,Ghana,Guinea,Guinea-Bissau,Kenya,Lesotho,Liberia,Libya,Madagascar,Malawi,Mali,Mauritania,Morocco,Mozambique,Namibia,Niger,Nigeria,Rwanda,Sao Tome and Principe,Senegal,Sierra Leone,Somalia,South Sudan,Sudan,Tanzania,Togo,Tunisia,Uganda,Zambia,Zimbabwe
2022-01-01,24.4,8.9,14.3,40.6,13.3,50.9,34.5,15.4,35.7,41.7,17.8,48.2,19.2,19.7,45.3,36.9,10.3,26.4,19.0,16.2,18.8,51.0,36.4,12.7,47.1,30.2,18.7,24.2,12.6,58.8,31.7,11.0,25.1,22.4,45.6,28.4,19.1,19.2,16.0,43.7,67.9,57.4,23.2,7.1,24.6,11.0,30.0,12.1,36.5
2022-01-02,24.4,8.9,14.3,40.7,13.3,50.7,34.4,15.4,35.2,41.7,17.9,48.2,19.0,19.8,45.7,36.9,10.3,26.4,19.2,16.2,18.8,50.8,36.4,12.7,47.1,30.2,18.7,24.2,12.4,59.1,31.0,11.0,24.8,22.5,45.5,28.3,19.0,19.2,16.0,42.6,67.9,57.4,23.2,7.1,24.6,11.0,30.0,12.2,35.6
2022-01-03,24.4,8.9,14.3,41.0,13.4,51.5,34.7,15.4,33.3,41.8,17.9,48.2,18.6,19.7,45.1,36.9,10.3,27.8,19.7,16.3,18.8,50.7,36.4,12.0,47.4,29.9,18.7,24.2,11.0,58.8,31.2,10.9,24.9,22.6,45.3,28.1,19.0,19.2,16.0,42.2,68.3,56.2,23.2,7.1,24.6,11.0,29.8,11.9,34.7
2022-01-04,24.4,8.9,14.1,40.7,13.4,51.7,34.7,14.9,32.6,41.9,17.9,48.2,19.0,19.9,45.5,36.9,10.3,27.8,20.1,16.3,18.8,49.8,36.4,12.3,47.4,29.9,18.7,24.2,11.0,59.1,31.1,10.9,26.4,22.7,44.7,27.9,19.0,19.2,16.0,40.6,68.5,56.2,23.2,7.0,24.6,11.0,29.8,11.9,34.6
2022-01-05,24.3,8.9,13.9,40.7,13.4,51.9,34.7,15.5,32.4,42.0,18.0,48.2,19.1,19.9,45.6,36.9,10.3,27.8,19.6,16.3,18.8,50.0,36.4,12.4,47.4,29.9,18.7,24.0,10.8,59.8,30.3,10.9,26.3,22.8,44.6,27.8,19.0,19.2,16.1,40.6,68.6,56.2,23.2,7.1,24.6,11.0,30.0,11.9,33.6
2022-01-06,24.15,8.9,13.9,41.1,13.3,51.8,34.5,15.4,32.4,42.0,18.2,48.2,18.3,20.0,45.8,36.9,10.3,26.4,19.5,16.2,18.8,49.4,36.4,11.8,47.1,30.2,18.5,23.7,11.1,59.2,29.2,11.0,27.7,23.0,44.7,27.7,19.0,19.2,16.0,41.2,68.7,56.2,23.2,7.1,24.6,11.0,30.0,11.8,32.8
2022-01-07,24.1,8.9,14.2,41.0,13.3,51.9,34.5,15.5,32.0,42.0,18.2,48.2,18.1,19.9,45.6,36.9,10.3,26.4,19.8,16.2,18.8,48.0,36.4,11.4,47.1,30.2,18.5,23.6,11.1,59.3,28.8,11.0,28.2,22.4,45.1,27.6,19.0,19.2,16.1,41.5,68.8,56.2,23.2,7.2,24.6,11.0,30.0,11.8,33.0
2022-01-08,24.05,8.9,14.1,40.8,13.3,52.0,34.5,14.9,31.6,42.0,18.0,48.2,17.9,19.9,45.3,36.9,10.3,26.4,19.4,16.2,18.8,46.5,36.4,11.7,47.1,30.2,18.5,23.5,11.0,58.8,28.3,11.0,27.1,22.2,45.2,27.5,19.0,19.2,16.0,41.0,69.0,56.2,23.2,7.1,24.6,11.0,30.0,12.0,32.4
2022-01-09,23.9,8.9,13.6,40.4,13.3,51.6,34.5,15.5,31.5,41.9,17.9,48.2,18.0,19.9,45.1,36.9,10.3,26.4,19.1,16.2,18.8,45.4,36.4,11.7,47.1,30.2,18.5,23.4,10.9,58.8,27.8,11.0,26.0,21.7,45.3,27.3,19.0,19.2,16.1,40.6,69.1,57.8,23.2,7.1,24.4,11.0,30.0,12.1,33.1
2022-01-10,23.9,8.9,13.6,39.8,13.3,50.8,34.5,15.5,31.8,41.9,17.9,48.2,17.3,19.7,45.2,36.9,10.3,26.4,17.7,16.2,18.8,45.5,36.4,12.0,47.1,30.2,18.6,23.4,10.7,58.9,27.9,11.0,25.0,21.4,45.2,27.1,19.0,19.2,16.1,41.0,69.2,57.8,23.3,7.1,24.4,11.0,30.0,12.6,34.1
2022-01-11,23.65,8.9,13.8,39.5,13.4,50.8,35.1,15.5,31.6,42.1,17.8,32.1,17.1,19.9,45.5,37.8,10.4,27.6,18.2,16.2,18.7,44.6,36.7,12.1,47.3,29.9,17.9,23.4,10.9,58.3,27.4,10.9,23.9,21.7,45.2,27.1,19.0,19.2,16.0,41.5,69.4,57.8,23.2,7.1,24.4,11.0,30.0,12.6,33.5
2022-01-12,23.2,8.9,14.0,,13.4,50.4,35.1,15.4,30.8,42.0,17.9,32.1,16.9,19.7,45.3,37.8,10.4,27.6,18.1,16.2,18.7,44.4,36.7,11.5,47.3,29.9,17.9,23.3,10.5,58.3,26.7,10.9,21.3,21.9,45.2,27.1,19.0,19.2,16.0,42.0,69.4,57.5,23.2,7.0,24.4,11.0,30.0,12.5,33.4
2022-01-13,23.2,8.9,13.6,,13.4,50.2,35.1,15.4,30.5,42.2,17.9,32.1,16.7,19.8,45.2,37.8,10.4,27.6,17.9,16.2,18.7,44.2,36.7,11.8,47.3,29.9,17.9,23.3,10.1,58.5,26.4,10.9,20.9,21.7,45.6,27.1,19.0,19.2,16.0,42.0,69.6,57.5,23.2,7.0,24.4,11.0,30.0,12.4,32.7
2022-01-14,23.2,8.9,13.8,,13.3,50.3,35.0,15.5,31.0,42.3,17.9,32.4,16.5,19.6,45.2,37.7,10.4,26.5,17.5,16.2,18.7,43.4,36.9,11.9,46.9,30.2,17.9,23.2,9.8,57.8,25.3,10.9,20.8,21.8,46.4,27.1,19.0,19.2,16.0,42.0,69.7,57.6,23.4,7.0,24.4,11.0,30.0,12.7,32.1
2022-01-15,23.3,8.9,13.9,,13.3,51.7,35.0,15.3,30.9,42.1,18.0,32.4,16.6,19.6,45.1,37.7,10.4,26.5,17.3,16.2,18.7,44.3,36.9,11.9,46.9,30.2,17.9,23.3,9.5,57.4,24.6,10.9,20.7,21.5,45.4,27.2,19.0,19.2,16.1,41.7,69.8,57.8,23.3,6.9,24.4,11.0,30.0,12.1,31.6
2022-01-16,23.2,8.9,13.6,,13.3,51.9,35.0,15.3,29.7,42.3,18.0,32.4,16.2,19.5,45.3,37.7,10.4,26.5,16.3,16.2,18.7,43.7,36.9,12.3,46.9,30.2,17.9,23.2,9.4,57.6,24.4,11.0,20.7,21.9,45.1,27.2,19.0,19.2,16.1,41.7,69.5,57.8,23.7,6.9,24.4,11.0,30.0,12.3,31.4
2022-01-17,23.0,8.9,13.6,,13.3,52.6,35.0,15.5,30.1,42.0,18.3,32.4,16.2,19.6,45.3,37.7,10.4,26.5,16.3,16.2,18.7,44.0,36.9,11.8,46.9,30.2,17.9,23.0,9.7,57.3,23.8,11.0,21.7,21.7,45.6,27.0,19.0,19.2,16.1,42.0,69.5,57.8,23.7,7.1,24.4,11.0,30.0,12.4,31.3
2022-01-18,23.0,8.9,13.6,,13.3,52.2,35.0,15.3,31.2,42.1,18.2,32.4,15.9,19.6,45.1,37.7,10.4,26.4,16.3,16.2,18.7,43.6,36.9,12.0,46.9,30.2,17.9,23.0,9.8,57.5,23.9,11.0,20.8,21.7,45.8,27.0,19.1,19.2,16.1,41.9,69.6,57.8,23.7,7.2,24.4,11.2,30.0,12.3,31.1
2022-01-19,23.1,8.9,13.7,,13.3,51.7,35.0,15.3,30.9,42.4,18.3,32.4,15.1,19.6,45.2,37.7,10.4,26.4,15.8,16.3,18.7,43.8,36.9,12.5,46.9,30.2,17.9,23.1,9.2,57.7,24.0,11.0,20.1,21.3,47.2,26.9,19.1,19.2,16.1,41.5,69.6,57.8,23.4,7.0,24.5,11.2,30.0,12.6,30.7
2022-01-20,23.2,8.9,13.4,,13.3,51.6,35.0,15.5,31.1,42.6,18.2,32.4,15.0,19.7,45.4,37.7,10.4,26.4,15.1,16.2,18.7,42.8,36.9,12.1,46.9,30.2,17.5,23.2,9.1,57.9,23.4,11.0,19.8,21.2,46.9,26.8,19.1,19.2,16.1,41.8,69.6,57.8,23.4,7.0,24.5,11.2,30.0,12.7,30.8
2022-01-21,23.0,8.9,13.5,,13.4,52.0,35.0,15.3,30.9,43.0,18.2,32.4,15.2,19.8,45.6,39.3,10.4,25.3,15.2,16.3,18.7,42.9,36.5,12.0,46.7,30.0,17.4,23.1,10.6,57.8,23.0,11.0,20.2,21.3,47.5,26.8,19.0,19.2,16.0,41.6,69.6,57.7,23.3,7.1,24.5,11.2,30.0,12.4,30.8
2022-01-22,22.2,8.9,13.6,,13.4,52.3,35.0,15.3,30.6,43.1,18.2,32.4,15.3,19.3,45.7,39.3,10.4,25.3,14.7,16.3,18.7,42.1,36.5,12.2,46.7,30.0,17.4,23.0,10.6,57.6,22.2,10.9,19.8,21.6,48.2,26.8,19.0,19.2,15.9,41.4,69.6,57.7,23.3,7.2,24.5,11.2,30.0,12.1,31.5
2022-01-23,21.9,8.9,13.2,,13.4,52.1,35.0,15.3,31.8,43.7,18.4,32.4,15.6,19.4,45.7,39.3,10.4,25.3,14.1,16.3,18.7,41.3,36.5,12.8,46.7,30.0,17.4,22.9,9.9,58.0,21.9,10.9,19.8,21.5,48.9,26.9,19.1,19.2,15.9,41.6,69.7,57.7,23.3,7.1,24.5,11.3,30.0,12.5,32.1
2022-01-24,22.4,8.9,13.2,,13.4,52.5,35.0,15.3,32.4,43.7,18.5,32.4,16.0,19.5,46.0,39.3,10.4,25.3,14.0,16.3,18.7,41.1,36.5,13.1,46.7,30.0,17.4,22.8,9.8,58.6,22.4,10.9,19.0,21.6,49.1,26.6,19.1,19.2,15.9,41.5,69.8,57.8,23.3,7.2,24.5,11.2,30.0,13.0,31.8
2022-01-25,22.3,8.9,13.4,,13.3,52.4,34.7,15.3,31.8,43.6,18.6,32.4,16.0,19.5,46.0,39.3,10.4,24.8,14.3,16.3,18.7,41.8,36.0,12.3,45.9,30.3,17.8,22.3,9.9,57.9,22.7,10.9,19.8,21.5,49.7,26.7,19.0,19.2,16.0,42.5,69.7,57.7,23.3,7.1,24.5,11.2,30.0,12.9,31.4
2022-01-26,22.2,8.9,13.3,,13.3,52.9,34.7,15.3,31.8,43.7,18.7,32.4,16.3,19.4,46.0,39.3,10.4,24.8,13.5,16.3,18.7,41.4,36.0,12.3,45.9,30.3,17.8,22.3,10.3,57.8,22.2,10.9,20.0,21.3,49.9,26.8,19.1,19.2,16.0,42.8,69.6,57.7,23.2,7.0,24.5,11.2,30.0,12.8,31.0
2022-01-27,21.5,8.9,13.4,,13.3,52.9,34.7,15.4,32.0,43.8,18.7,32.4,16.2,19.4,46.0,39.3,10.4,24.8,13.2,16.3,18.7,41.2,36.0,12.2,45.9,30.3,17.8,22.3,10.2,57.8,21.5,10.9,20.6,21.3,50.1,26.8,19.0,19.2,16.0,42.6,69.6,57.7,23.1,6.9,24.4,11.2,30.0,13.2,31.2
2022-01-28,21.6,8.9,13.5,,13.3,53.3,34.7,15.6,33.2,43.7,18.9,32.4,16.0,19.7,46.5,39.3,10.4,24.8,13.5,16.3,18.7,40.9,36.0,12.3,45.9,30.3,17.8,22.2,9.9,57.7,21.5,10.9,20.7,21.6,50.9,26.8,19.0,19.2,16.0,42.7,69.6,57.7,23.1,7.0,24.4,11.2,30.0,13.2,31.5
2022-01-29,21.4,8.9,13.5,,13.3,52.8,34.7,15.5,32.8,44.2,19.1,32.4,15.8,19.9,46.6,39.3,10.4,24.8,13.6,16.3,18.7,40.7,36.0,12.6,45.9,30.3,17.8,22.2,11.3,57.3,21.4,10.9,20.3,21.4,51.7,26.8,19.0,19.6,16.0,42.6,69.6,57.7,23.1,7.1,24.5,11.2,30.0,13.2,31.6
2022-01-30,21.8,8.9,13.4,,13.3,53.3,34.7,15.5,33.5,44.3,19.0,32.4,15.9,19.9,47.0,39.3,10.4,24.8,13.3,16.3,18.7,41.1,36.0,12.3,45.9,30.3,17.8,22.3,11.8,57.3,21.8,10.9,20.9,21.3,52.0,26.6,19.0,19.6,16.0,42.7,69.7,57.7,23.1,7.0,24.7,11.2,30.0,12.9,31.7
2022-01-31,22.3,8.9,13.7,,13.3,52.7,34.7,15.5,33.6,44.5,19.0,32.4,15.7,19.9,47.3,39.3,10.4,24.8,14.4,16.3,18.6,41.3,36.0,12.5,45.9,30.3,17.8,22.3,11.5,57.4,22.7,10.9,21.2,21.3,52.3,26.7,19.0,19.6,16.0,42.6,69.8,57.7,23.1,7.2,24.7,11.2,30.0,13.4,32.4
2022-02-01,22.3,8.9,13.6,,13.4,53.1,34.7,15.6,33.7,44.8,19.2,32.4,15.7,19.9,46.9,40.4,10.4,24.5,14.4,16.1,18.8,41.1,35.6,12.9,45.5,30.3,17.3,22.3,11.0,57.4,23.5,10.9,21.2,21.4,52.7,26.7,19.0,20.2,16.0,42.3,69.9,57.8,22.9,7.2,24.6,11.2,30.0,13.2,32.0
2022-02-02,22.8,8.9,13.5,,13.4,52.3,34.7,15.0,34.0,45.3,19.2,32.4,15.7,20.1,46.9,40.4,10.4,24.5,13.9,16.1,18.8,40.8,35.6,13.1,45.5,30.3,17.3,22.3,11.1,57.5,24.3,10.9,22.8,21.3,53.0,26.8,19.0,20.2,16.0,43.0,70.0,57.8,22.9,7.2,24.7,11.2,30.0,13.7,32.1
2022-02-03,22.5,8.9,13.7,,13.4,52.6,34.7,15.6,34.3,45.9,19.3,32.4,15.6,19.9,47.0,40.4,10.4,24.5,12.9,16.1,18.8,40.6,35.6,13.0,45.5,30.3,17.3,22.3,10.9,57.3,24.0,10.9,22.5,21.2,53.4,26.9,19.0,20.2,16.0,44.3,70.1,57.8,22.9,7.2,24.6,11.2,30.0,14.1,32.1
2022-02-04,22.6,8.9,13.8,,13.4,52.3,34.1,15.0,33.5,46.6,19.3,32.3,15.5,20.0,47.2,40.3,10.4,24.6,14.1,16.1,18.8,40.4,35.7,13.4,45.4,30.3,17.3,22.1,11.2,57.7,24.1,10.9,22.6,21.0,53.4,26.9,18.9,20.5,16.0,44.9,70.1,57.6,22.9,7.3,24.5,11.2,30.0,14.1,32.2
2022-02-05,22.9,8.9,13.8,,13.4,52.2,34.1,15.0,33.2,46.7,19.3,32.3,15.4,20.0,47.1,40.3,10.4,24.6,14.1,16.1,18.8,40.3,35.7,12.9,45.4,30.3,17.3,22.1,10.9,56.8,24.7,10.9,23.9,21.4,53.7,27.0,18.9,20.5,16.0,44.7,70.1,57.6,22.9,7.5,24.5,11.2,30.0,14.8,32.9
2022-02-06,22.9,8.9,13.6,,13.4,52.8,34.1,15.0,33.3,46.8,19.4,32.3,15.6,19.8,47.1,40.3,10.4,24.6,14.2,16.1,18.8,40.0,35.7,13.2,45.4,30.3,17.2,22.2,10.8,56.3,25.4,10.9,24.2,21.6,53.9,27.0,18.9,20.5,16.0,43.9,70.2,57.7,22.9,7.6,24.5,11.2,30.0,14.9,33.1
2022-02-07,22.9,8.9,13.4,,13.4,53.0,34.1,18.6,34.0,46.8,19.5,32.3,15.5,19.9,47.3,40.0,10.4,24.6,14.2,16.3,18.8,39.5,35.7,12.8,45.4,30.3,17.2,22.4,11.0,56.9,25.6,10.9,24.6,21.4,54.5,27.0,18.9,20.5,16.0,44.2,70.2,57.6,22.9,7.6,24.6,11.2,30.0,14.4,33.3
2022-02-08,22.9,8.9,13.6,,13.4,52.6,34.1,18.6,34.0,46.8,19.5,32.3,15.0,19.5,47.2,40.0,10.4,24.6,13.7,16.3,18.8,39.7,35.7,13.2,45.4,30.3,17.2,22.2,11.3,56.4,26.2,10.9,26.7,21.3,55.5,26.9,18.9,20.5,16.0,44.8,70.1,57.6,22.9,7.8,24.6,11.2,30.0,14.7,33.9
2022-02-09,22.9,8.9,13.5,,13.4,52.6,34.1,18.6,33.8,46.9,19.4,32.3,15.1,19.3,47.5,40.0,10.4,24.6,14.2,16.3,18.8,40.4,35.7,13.1,45.4,30.3,17.2,22.2,11.2,56.8,26.3,10.9,26.6,21.3,56.3,26.7,18.9,20.5,16.0,44.9,70.1,57.6,22.9,7.7,24.6,11.2,30.0,14.7,33.6
2022-02-10,22.9,8.9,13.2,,13.4,52.5,34.1,18.6,33.9,46.9,19.5,32.3,15.3,19.0,47.7,40.0,10.4,24.6,14.2,16.3,18.8,40.2,35.7,13.1,45.4,30.3,17.2,22.2,11.7,56.9,26.4,10.9,27.0,21.2,56.2,26.6,18.9,20.5,16.0,45.0,70.1,57.6,22.9,7.7,24.6,11.2,30.0,14.8,34.1
2022-02-11,23.1,8.9,13.2,,13.4,52.8,34.0,18.6,34.3,47.1,19.5,32.4,15.0,19.2,47.9,39.8,10.4,24.5,13.7,16.3,19.1,40.1,35.6,13.3,45.1,30.4,17.3,22.2,12.1,56.4,27.1,10.9,27.2,21.5,56.5,26.6,19.0,20.4,16.0,44.3,70.1,57.5,23.1,7.7,24.5,11.2,30.0,15.3,34.1
2022-02-12,23.1,8.9,13.3,,13.4,53.3,34.0,18.6,34.2,47.1,19.7,32.4,15.2,19.5,48.6,39.8,10.4,24.5,14.0,16.3,19.1,39.7,35.6,13.3,45.1,30.4,17.3,22.2,12.5,56.7,27.8,10.9,28.2,21.4,57.1,26.8,19.1,20.4,16.0,44.9,70.0,57.5,23.1,7.8,24.5,11.2,30.0,15.2,34.1
2022-02-13,23.0,8.9,13.3,,13.4,53.4,34.0,18.6,33.8,47.4,19.7,32.4,15.2,19.7,48.2,39.8,10.4,24.5,14.7,16.3,19.1,41.1,35.6,14.8,45.1,30.4,17.3,22.4,12.7,56.1,28.5,10.9,29.6,21.6,57.6,26.8,19.1,20.4,16.0,45.0,69.9,57.5,23.0,7.8,24.5,11.2,30.0,14.9,34.0
2022-02-14,23.0,8.9,13.3,,13.4,53.7,34.0,18.6,34.2,47.4,19.7,32.4,15.0,19.7,48.0,39.8,10.4,24.5,14.4,16.3,19.1,39.8,35.6,14.7,45.1,30.4,17.5,22.3,13.5,56.5,29.3,10.9,28.5,21.6,58.1,26.6,19.1,20.4,16.0,45.7,70.0,57.6,23.0,7.8,24.5,11.2,30.0,15.2,34.4
2022-02-15,22.1,8.9,13.4,,13.4,53.6,34.0,18.7,33.8,46.7,19.5,32.4,14.8,19.5,48.1,39.8,10.4,24.5,14.9,16.3,17.4,39.5,35.7,14.3,45.1,30.4,17.5,22.1,13.6,56.0,29.5,10.9,28.7,21.5,58.5,26.2,19.1,20.4,16.0,45.6,69.9,57.6,21.9,7.8,24.6,11.2,30.0,15.2,35.0
2022-02-16,22.3,9.0,13.2,,13.4,53.1,34.0,18.6,33.0,46.9,19.6,32.3,15.1,19.5,48.3,39.4,10.4,24.5,15.0,16.3,19.2,39.3,35.3,14.6,45.1,30.4,17.5,22.2,13.6,56.5,29.4,10.9,28.5,21.3,58.4,26.1,19.0,20.5,16.0,46.2,69.8,57.6,22.3,7.7,24.6,11.3,30.0,15.2,35.2
2022-02-17,22.4,9.0,13.2,,13.3,53.4,34.0,18.6,32.2,46.9,19.7,32.3,14.9,19.6,48.4,39.4,10.4,24.5,15.1,16.3,19.2,39.3,35.3,14.7,45.1,30.4,17.5,22.1,13.6,56.8,28.6,10.9,28.9,21.4,58.7,26.1,19.0,20.5,16.0,46.3,69.8,57.6,22.4,7.8,24.6,11.3,29.9,15.1,36.0
2022-02-18,22.4,9.0,13.2,,13.3,54.3,34.0,18.6,32.8,47.1,19.5,32.3,14.7,19.5,48.4,39.4,10.4,24.5,15.4,16.3,19.3,39.6,35.3,14.4,45.1,30.4,17.5,22.0,13.8,57.1,27.8,10.9,28.4,21.2,58.7,26.1,19.0,20.5,16.0,46.7,69.9,57.8,22.4,7.9,24.6,11.3,29.9,14.8,36.2
2022-02-19,22.4,9.0,13.2,,13.3,54.5,34.0,18.6,32.2,47.5,19.5,32.3,14.7,19.5,48.5,39.4,10.4,24.5,15.6,16.3,19.3,39.9,35.3,14.2,45.1,30.4,17.5,22.0,13.6,56.8,28.3,10.9,29.1,21.1,58.0,26.0,19.0,20.5,16.1,46.7,70.0,57.8,22.4,7.7,24.6,11.3,29.9,14.7,36.5
2022-02-20,22.4,9.0,13.2,,13.3,54.3,34.2,18.6,32.3,47.3,19.3,32.3,14.6,19.5,48.5,39.4,10.4,24.5,16.4,16.3,19.3,40.0,35.1,14.5,45.1,30.4,17.5,22.1,13.2,56.9,29.2,10.9,28.9,21.1,58.3,26.1,19.0,20.5,16.1,47.2,70.0,57.8,22.4,7.7,24.6,11.2,29.9,14.7,36.4
2022-02-21,22.2,9.0,13.2,,13.3,54.1,34.1,19.3,32.5,47.1,19.4,32.3,14.7,19.7,48.4,39.3,10.4,24.5,17.2,16.4,19.0,40.6,35.7,14.5,45.9,30.4,17.6,22.2,13.9,57.0,30.4,10.9,28.9,21.2,58.6,26.4,18.8,20.5,16.1,47.3,69.9,57.7,22.2,7.7,24.6,11.2,29.9,14.8,36.5
2022-02-22,22.2,9.0,13.2,,13.3,53.9,34.1,19.3,31.8,47.0,19.3,32.3,14.4,19.9,48.2,39.3,10.4,24.4,17.8,16.4,19.0,41.2,35.6,14.7,45.9,30.4,17.6,22.1,14.0,57.3,30.8,10.9,29.8,21.3,58.7,26.5,18.8,20.5,16.1,47.6,69.8,57.7,22.2,7.5,24.6,11.0,29.9,14.9,36.3
2022-02-23,22.4,8.9,13.2,,13.3,53.9,34.1,19.3,31.4,46.7,19.2,32.3,14.5,20.0,48.2,39.4,10.4,24.3,18.4,16.3,19.0,41.5,35.6,14.3,45.9,30.3,17.6,22.4,14.1,57.5,30.8,10.9,30.9,21.2,58.6,26.4,18.8,20.5,16.1,48.4,70.0,57.8,22.2,7.5,24.6,11.0,29.9,14.5,36.7
2022-02-24,22.4,8.9,13.2,,13.3,53.7,33.7,18.9,32.0,46.8,19.1,32.3,14.5,20.1,48.0,39.4,10.4,24.3,18.4,16.3,19.0,40.9,35.6,14.1,45.9,30.3,17.6,22.4,13.8,58.0,30.1,10.9,31.3,21.1,58.7,26.4,18.8,20.5,16.1,48.8,70.0,57.6,22.2,7.4,24.6,11.0,29.9,14.8,37.3
2022-02-25,22.4,8.9,13.2,,13.3,53.0,33.7,19.3,32.4,46.9,19.1,32.3,14.6,20.2,48.2,39.4,10.4,24.3,18.9,16.3,19.0,40.6,35.6,14.2,45.9,30.3,17.6,22.4,13.5,57.3,30.0,10.9,31.6,21.0,58.4,26.2,18.8,20.5,16.2,48.9,69.9,57.6,22.2,7.5,24.7,11.0,29.9,15.4,37.4
2022-02-26,22.2,8.9,13.4,,13.4,53.3,33.4,19.3,32.6,46.9,19.1,32.2,14.5,20.3,48.1,38.0,10.4,25.0,18.7,16.3,19.0,40.8,35.6,14.4,45.0,30.4,17.5,22.2,13.9,56.6,30.2,10.9,31.7,21.0,58.7,26.3,18.7,20.5,16.2,48.3,69.9,57.7,22.2,7.6,24.8,11.0,29.8,15.5,37.6
2022-02-27,22.6,8.9,13.4,,13.4,52.5,33.4,19.3,31.7,46.9,19.1,32.2,14.8,20.5,48.3,38.0,10.4,25.0,18.5,16.3,19.0,40.6,35.8,14.2,45.4,29.9,17.5,22.6,15.0,56.8,30.8,10.9,32.1,20.9,59.0,26.3,18.7,20.5,16.2,48.6,69.9,57.7,22.2,7.6,24.8,11.0,29.8,15.5,37.5
2022-02-28,22.6,8.9,13.5,,13.4,52.9,33.4,19.6,32.0,46.5,18.9,32.2,15.0,20.7,48.5,38.0,10.4,25.0,18.3,16.3,19.0,40.5,35.9,14.7,45.4,29.9,17.5,22.6,14.4,57.7,31.0,10.9,32.7,20.9,59.5,26.3,18.7,20.5,16.2,49.6,69.7,57.7,22.2,7.6,24.8,10.7,29.8,15.6,37.6
2022-03-01,22.6,8.5,13.4,,13.3,53.1,33.4,19.5,31.8,46.7,18.8,32.2,16.4,20.8,48.4,37.7,11.4,24.7,18.9,16.3,19.1,39.8,35.3,15.1,45.4,29.9,17.5,22.6,14.3,57.5,30.7,10.9,32.7,21.0,59.8,26.3,18.6,13.0,16.2,49.5,69.7,59.6,22.6,7.6,24.9,10.7,29.6,15.9,38.1
2022-03-02,22.7,8.5,13.6,,13.3,52.9,33.4,19.5,31.5,46.7,18.7,32.2,16.6,20.9,48.3,37.7,11.4,24.7,18.2,16.3,19.1,39.8,35.3,14.7,45.4,29.9,17.5,22.7,14.3,57.5,29.4,10.9,32.6,21.1,59.6,26.2,18.6,13.0,16.2,49.8,69.8,59.6,22.5,7.5,24.9,10.7,29.6,15.8,38.7
2022-03-03,22.7,8.5,13.5,,13.3,52.3,33.4,19.5,31.8,46.7,18.5,32.2,16.6,20.9,47.9,37.7,11.4,24.7,18.0,16.3,19.1,39.8,35.3,14.4,45.4,29.9,17.5,22.7,14.9,57.2,29.1,10.9,32.5,21.1,59.5,26.2,18.6,13.0,16.2,49.6,69.7,59.6,22.3,7.7,24.9,10.7,29.6,16.1,39.2
2022-03-04,22.7,8.5,13.5,,13.3,52.6,33.4,19.5,31.5,46.3,18.5,32.2,16.7,21.0,47.5,37.7,11.4,24.7,17.5,16.4,19.1,39.7,35.3,14.5,45.3,29.9,17.5,22.7,15.6,57.4,26.6,10.9,31.6,20.9,59.5,26.0,18.6,13.0,16.2,49.4,69.8,59.6,22.4,7.7,24.9,10.7,29.6,16.0,40.3
2022-03-05,22.5,8.5,13.7,,13.3,52.4,33.3,19.5,31.4,46.5,18.5,32.3,17.0,20.9,47.5,37.6,11.4,25.9,18.0,16.4,19.1,39.9,35.3,14.4,45.4,30.0,17.5,22.4,15.9,56.9,26.9,10.9,31.4,20.9,60.2,26.0,18.6,13.0,16.2,49.4,69.7,59.7,22.5,7.6,24.9,10.7,29.5,15.6,41.6
2022-03-06,22.6,8.5,13.7,,13.3,52.5,33.3,19.4,31.9,46.6,18.5,32.3,16.8,21.1,47.4,37.6,11.4,25.8,16.8,16.4,19.1,39.9,35.2,14.3,45.2,30.1,17.6,22.5,15.5,57.0,27.1,10.9,31.3,20.7,60.3,26.2,18.5,13.0,16.5,48.4,69.7,59.7,22.6,7.8,24.9,10.7,29.5,15.7,41.3
2022-03-07,22.6,8.5,13.7,,13.3,52.4,33.3,19.5,32.1,46.8,18.5,32.3,16.6,21.2,47.2,37.6,11.4,25.8,16.4,16.5,19.1,39.6,35.2,15.0,45.2,30.0,17.6,22.6,15.9,57.7,27.0,10.9,31.3,20.8,60.3,26.2,18.5,13.0,16.4,48.2,69.6,59.7,22.5,7.9,24.9,10.7,29.5,15.4,41.2
2022-03-08,22.4,8.5,13.8,,13.3,52.3,33.3,19.5,31.7,47.0,18.5,32.3,17.1,21.3,46.9,17.6,11.4,25.8,16.3,16.4,19.1,40.1,35.0,15.2,45.2,30.0,17.6,22.4,16.0,58.0,27.0,10.9,31.9,21.1,59.9,26.3,18.5,13.0,16.4,49.1,69.5,56.2,22.5,7.8,24.1,10.7,29.5,15.3,42.0
2022-03-09,22.3,8.5,13.7,,13.3,52.3,33.3,19.5,31.4,46.7,18.5,32.3,16.5,21.4,47.3,17.6,11.4,25.4,16.3,16.7,19.1,40.6,35.0,15.0,45.2,30.0,17.6,22.3,16.6,57.7,27.2,10.9,31.7,21.5,59.6,26.3,18.5,13.0,16.4,49.6,69.6,56.2,22.5,7.9,24.1,10.7,29.5,15.8,41.4
2022-03-10,22.3,10.3,13.9,,13.3,52.7,33.2,19.5,31.3,46.6,18.4,32.3,18.2,21.6,47.3,17.6,11.3,25.4,16.7,16.7,19.1,40.6,35.0,14.7,45.2,29.7,17.5,22.3,17.1,58.3,26.7,12.5,30.8,21.5,60.1,27.6,20.3,13.0,16.4,49.9,69.5,56.1,22.7,7.9,24.1,10.7,32.4,15.4,40.9
2022-03-11,22.4,10.3,13.8,,13.4,53.4,33.1,19.1,32.7,46.7,18.3,32.1,18.5,21.6,46.9,17.5,11.3,26.0,17.3,16.7,19.2,40.4,35.0,14.9,45.2,29.7,17.4,22.4,17.0,58.2,26.0,12.5,31.1,21.7,59.9,27.9,20.3,13.1,16.2,49.6,69.5,56.0,22.7,8.0,24.4,10.7,32.3,15.0,40.6
2022-03-12,22.2,10.3,13.8,,13.4,53.5,33.1,19.2,32.8,46.8,18.3,32.1,18.1,21.6,47.0,17.5,11.3,26.0,17.3,16.7,19.2,40.6,35.1,14.7,45.2,29.7,17.4,22.2,16.7,58.2,26.5,12.5,32.1,21.4,59.5,28.2,20.3,13.1,16.4,49.6,69.4,56.0,22.7,8.0,24.4,10.7,32.3,15.4,40.4
2022-03-13,22.4,10.3,14.4,,13.4,53.2,33.1,19.2,32.7,46.9,18.1,32.1,17.2,22.1,47.1,17.5,11.3,26.1,17.4,16.7,19.3,40.7,35.0,14.8,45.3,29.7,17.4,22.4,16.3,58.5,27.5,12.5,33.3,21.5,59.2,28.1,20.3,13.1,16.4,49.6,69.5,56.2,22.6,8.1,24.4,10.7,32.3,15.2,41.6
2022-03-14,22.4,10.3,14.6,,13.4,53.1,33.1,19.0,32.2,47.1,18.1,32.1,17.3,21.9,47.4,17.5,11.3,25.9,18.0,16.7,19.3,40.2,35.0,15.9,45.5,29.7,17.4,22.4,16.0,57.8,27.0,12.5,32.7,21.6,58.8,28.2,20.3,13.1,16.4,48.4,69.5,56.2,22.5,8.1,24.4,10.7,32.3,15.5,41.3
2022-03-15,22.5,10.3,14.7,,13.4,53.1,33.1,19.0,33.2,46.9,18.1,32.1,17.3,22.1,47.2,17.5,11.3,25.8,17.7,16.7,19.3,40.6,35.0,14.0,45.5,29.7,17.4,22.5,15.6,58.8,27.2,12.5,32.3,21.6,59.1,28.3,20.3,13.1,16.4,48.7,69.5,56.2,22.9,8.1,24.4,10.7,32.3,15.7,40.9
2022-03-16,22.4,10.3,14.8,,13.4,52.8,33.1,19.0,32.2,47.0,18.0,32.1,17.3,22.4,47.3,17.5,11.3,25.8,18.2,16.7,19.3,39.7,35.0,13.8,45.5,29.6,17.4,22.4,14.7,59.0,27.5,12.5,32.7,21.8,59.3,28.2,20.3,13.1,16.4,48.6,69.6,56.2,22.9,8.2,24.4,10.7,32.3,15.5,40.2
2022-03-17,22.7,10.3,15.1,,13.4,52.9,33.1,19.0,33.2,47.0,17.9,32.1,17.4,22.3,47.1,17.5,11.3,26.0,18.0,16.8,19.3,39.0,35.0,13.7,45.5,29.6,17.4,22.7,15.3,59.2,27.0,12.5,32.6,21.6,59.5,28.5,20.3,13.1,16.4,48.6,69.9,56.2,22.9,8.2,24.4,10.7,32.3,15.4,39.7
2022-03-18,22.7,10.3,15.2,,13.4,53.2,33.1,19.0,34.7,47.1,17.8,32.1,18.0,22.5,47.2,17.5,11.3,26.0,18.3,16.8,19.3,38.4,35.0,13.7,45.5,29.6,17.4,22.7,15.1,58.9,26.4,12.5,33.1,21.9,60.1,28.5,20.3,13.1,16.4,48.0,69.9,56.2,22.9,8.2,24.4,10.7,32.3,15.3,39.6
2022-03-19,22.7,10.3,15.5,,13.4,52.8,33.2,19.0,35.0,47.1,17.8,32.1,18.2,22.5,47.0,17.5,11.3,26.1,18.0,16.8,19.3,38.2,35.0,13.5,45.5,29.5,17.4,22.7,14.6,59.4,27.2,12.5,33.1,21.9,60.9,28.3,20.3,13.1,16.4,47.9,69.8,56.2,23.2,8.1,24.4,10.7,32.3,16.2,39.2
2022-03-20,22.9,10.3,15.4,,13.4,52.2,33.1,19.0,34.6,47.0,17.8,32.1,18.2,22.6,47.0,17.5,11.3,26.2,17.9,16.8,19.3,38.4,35.0,13.4,45.6,29.4,17.4,22.9,14.9,59.2,27.9,12.5,33.6,22.0,60.8,28.3,20.3,13.1,16.4,48.1,69.9,56.2,23.2,8.2,24.4,10.7,32.3,16.3,39.0
2022-03-21,22.7,10.3,15.5,,13.4,52.4,33.1,18.9,35.6,46.8,17.6,32.2,18.5,22.6,47.1,17.5,11.3,27.0,18.1,16.9,19.0,38.3,34.7,13.7,47.1,29.5,17.4,22.7,14.9,59.1,28.5,12.5,33.5,22.0,60.9,28.3,20.3,13.1,16.4,48.0,69.9,56.1,23.2,8.3,24.4,10.7,32.1,16.1,38.9
2022-03-22,22.7,10.3,15.7,,13.4,52.6,33.1,18.9,35.2,46.6,17.4,32.2,18.4,22.5,47.5,17.5,11.3,27.2,18.0,16.9,19.0,38.5,34.7,13.1,47.4,29.9,17.4,22.7,14.7,59.2,28.4,12.5,32.8,21.9,60.8,28.4,20.3,13.1,16.4,48.2,69.8,56.1,23.2,8.2,24.4,10.7,32.1,15.6,39.1
2022-03-23,22.6,10.3,15.6,,13.4,52.7,33.2,18.9,35.7,46.4,17.2,32.2,18.5,22.6,47.5,17.5,11.2,27.2,17.6,16.9,19.0,37.9,34.7,13.1,47.1,31.3,17.4,22.5,14.1,59.1,28.3,12.5,32.5,21.6,61.7,28.2,20.3,13.1,16.4,48.7,69.8,56.2,23.2,8.2,24.4,10.7,32.1,15.6,38.7
2022-03-24,22.6,10.3,15.6,,13.5,53.2,33.1,18.9,35.8,46.2,17.0,32.0,18.6,22.3,47.2,17.5,11.2,27.4,16.8,16.8,18.8,38.2,34.8,12.2,46.2,31.2,17.4,22.6,13.9,59.2,28.2,12.5,32.5,21.6,61.7,28.0,20.2,13.1,16.4,48.4,69.8,56.3,22.8,8.3,24.6,10.7,32.1,15.4,38.1
2022-03-25,22.5,10.3,15.7,,13.5,53.2,33.1,20.8,35.3,46.2,17.0,32.0,18.8,22.3,47.4,17.5,11.2,27.4,16.8,16.8,18.8,38.1,34.8,12.4,45.5,31.2,17.4,22.5,14.0,58.5,27.9,12.5,32.3,21.5,62.1,28.1,20.2,13.1,16.4,47.8,69.8,56.3,22.8,8.2,24.6,10.7,32.1,15.7,37.7
2022-03-26,22.5,10.3,15.5,,13.5,53.2,33.1,20.8,35.1,46.0,16.9,32.0,19.0,22.3,47.7,17.5,11.1,27.4,17.3,16.8,18.8,37.3,34.8,12.4,45.4,31.2,17.4,22.5,14.4,58.6,28.3,12.5,32.1,21.7,62.1,28.3,20.2,13.1,16.4,48.1,69.7,56.3,22.8,8.3,24.6,10.7,32.1,15.7,37.4
2022-03-27,22.6,10.3,15.3,,13.5,53.5,33.2,20.8,35.4,45.9,16.8,32.0,19.2,22.3,47.8,17.5,11.1,27.3,17.9,16.8,18.8,37.1,34.8,12.0,45.3,31.2,17.4,22.6,14.7,59.0,29.0,12.5,32.8,21.8,62.8,28.3,20.2,13.1,16.4,48.0,69.7,56.1,22.8,8.3,24.6,10.7,32.1,15.0,37.5
2022-03-28,22.7,10.3,15.5,,13.5,53.5,33.2,20.8,35.3,46.1,16.5,32.0,19.2,22.1,48.1,17.5,11.1,27.3,17.8,16.8,18.8,37.1,34.7,12.2,45.3,31.2,17.4,22.7,14.3,59.2,29.3,12.5,32.5,21.6,63.4,28.2,20.2,13.1,16.4,49.2,69.7,56.1,22.8,8.2,24.6,10.7,32.1,14.7,37.3
2022-03-29,22.8,10.3,15.4,,13.5,53.5,33.2,20.8,35.0,46.1,16.4,32.0,19.1,21.9,48.1,17.5,11.1,27.3,18.0,16.8,18.8,37.5,34.7,12.2,45.2,31.5,17.4,22.8,13.7,59.0,29.6,12.5,31.9,21.4,63.5,28.1,20.2,13.1,16.4,48.9,69.5,56.1,22.8,8.3,24.6,10.7,32.1,14.5,37.8
2022-03-30,22.8,10.3,15.4,,13.5,53.6,33.2,20.8,34.8,45.5,16.3,32.0,19.2,21.9,47.9,17.5,10.7,27.3,18.7,16.8,18.6,36.6,34.7,11.7,45.2,31.7,17.4,22.9,13.8,58.6,29.4,12.6,31.2,21.8,63.9,27.8,20.2,13.1,16.4,48.6,69.6,56.0,22.8,8.3,24.6,10.7,32.2,14.7,37.7
2022-03-31,22.8,10.3,15.4,,13.5,53.2,33.2,20.8,35.3,45.1,16.2,32.0,19.2,21.7,47.9,17.3,10.7,27.7,18.9,16.8,18.5,36.9,34.8,11.5,45.2,32.0,17.4,22.9,14.0,58.6,29.3,12.6,31.0,21.7,64.4,27.8,20.3,13.1,16.4,48.6,69.6,56.0,22.8,8.4,24.6,10.7,32.2,14.5,36.7
2022-04-01,22.9,10.4,15.6,,13.5,53.8,33.2,20.8,36.4,45.0,16.1,47.8,19.2,21.7,47.9,17.3,11.1,28.6,19.5,16.7,18.0,37.2,34.7,11.8,45.6,32.1,17.3,22.9,13.7,58.5,29.1,12.6,30.7,21.7,65.2,27.1,20.4,13.6,16.4,48.3,69.6,56.0,22.9,8.2,24.6,10.7,32.2,15.1,35.7
2022-04-02,22.9,10.4,15.5,,13.5,54.0,33.3,20.8,36.9,44.9,16.0,47.8,19.4,21.8,47.7,17.3,11.1,28.7,20.2,16.7,18.0,37.2,34.7,11.7,45.6,32.4,17.3,22.9,13.8,59.0,28.9,12.6,31.3,21.7,65.4,26.9,20.5,13.6,16.4,48.3,69.4,55.9,22.9,8.4,24.6,10.7,32.2,14.3,35.8
2022-04-03,22.9,10.4,15.7,,13.5,54.2,33.3,20.8,37.2,44.8,16.0,47.8,19.9,21.8,48.4,17.3,10.9,28.7,20.9,16.6,18.0,37.7,34.6,11.2,45.8,32.4,17.3,22.9,13.3,58.7,29.9,12.6,31.6,21.7,65.7,26.7,20.6,13.6,16.4,48.1,69.4,55.9,22.9,8.3,24.6,10.7,32.2,14.8,35.1
2022-04-04,22.9,10.4,15.9,,13.5,54.3,33.3,20.8,37.0,44.8,16.0,47.8,20.0,21.7,48.4,17.3,10.9,28.7,20.8,16.6,18.1,37.3,34.6,11.8,45.8,32.9,17.3,23.0,13.7,60.2,30.9,12.6,32.1,21.8,65.9,26.6,20.7,13.6,16.4,47.5,69.3,56.2,22.9,8.6,24.6,10.7,32.2,15.0,34.2
2022-04-05,23.0,10.6,15.8,,13.5,54.1,33.3,20.7,36.7,44.5,15.9,47.6,20.2,21.6,48.7,17.3,10.9,28.7,21.2,16.6,18.0,37.2,34.7,11.8,45.7,33.0,17.4,23.0,13.6,59.2,31.0,12.6,31.5,22.0,66.5,26.6,20.6,13.5,16.4,47.9,69.0,56.2,23.1,8.5,25.0,10.7,32.2,14.7,34.2
2022-04-06,22.5,10.6,15.7,,13.5,54.2,33.3,20.7,36.7,44.3,15.8,47.6,20.4,21.6,48.3,17.3,10.9,28.8,21.5,16.6,18.0,36.9,34.7,11.6,45.8,33.0,17.4,23.1,14.0,60.1,30.9,12.6,30.3,21.7,67.0,26.7,20.6,13.5,16.4,48.1,69.0,56.2,22.5,8.5,25.0,10.7,32.2,14.5,34.4
2022-04-07,22.6,10.6,15.5,,13.5,54.0,33.3,20.7,37.0,44.0,15.8,47.6,20.6,21.5,48.5,17.3,10.9,28.8,21.9,16.6,18.0,36.6,34.8,12.1,45.8,33.0,17.4,23.2,13.9,60.4,30.3,12.6,30.3,21.6,67.2,27.1,20.6,13.5,16.4,47.4,69.0,56.2,22.6,8.6,25.0,10.3,32.2,15.0,33.8
2022-04-08,22.7,10.6,15.4,,13.5,53.8,33.3,20.7,36.4,43.7,15.8,47.6,20.6,21.5,48.8,17.3,11.0,28.8,22.5,16.6,18.0,36.3,34.8,12.1,45.8,33.0,17.4,23.2,13.2,60.6,30.4,12.6,30.2,21.7,67.8,27.2,20.6,13.5,16.5,46.9,68.9,56.2,22.7,8.7,25.0,10.3,32.2,15.0,34.4
2022-04-09,23.1,10.6,15.5,,13.5,53.3,33.3,20.7,34.1,43.6,15.8,47.6,20.0,21.9,48.8,17.3,11.0,28.8,23.1,16.6,18.0,36.3,34.8,12.8,45.8,33.0,17.4,23.2,13.0,60.5,30.7,12.6,31.0,21.5,67.8,27.2,20.6,13.5,16.5,46.9,68.9,56.1,23.0,8.7,25.0,10.5,32.2,15.5,34.3
2022-04-10,23.3,10.6,15.7,,13.5,53.4,33.3,20.7,33.6,43.5,15.7,47.6,20.0,21.8,48.8,17.3,11.0,28.8,23.3,16.6,18.0,36.6,34.8,12.7,45.8,33.0,17.4,23.3,12.2,60.4,30.9,12.6,30.8,21.4,67.9,27.3,20.6,13.5,16.5,47.2,68.8,56.1,22.8,8.8,25.0,10.3,32.2,15.7,34.3
2022-04-11,23.5,10.6,15.1,,13.6,53.2,33.4,20.6,33.5,43.1,15.6,47.4,19.8,22.1,48.6,17.4,11.1,28.9,23.5,16.6,18.0,36.9,34.6,12.9,46.1,33.0,17.4,23.5,11.5,60.1,30.0,12.6,30.6,21.2,68.3,27.4,20.7,13.5,16.5,46.8,68.8,56.1,22.8,8.9,25.1,10.3,32.1,15.5,34.4
2022-04-12,23.5,10.6,15.0,,13.6,53.4,33.4,20.6,33.8,42.9,15.4,47.4,19.8,22.0,48.8,17.4,11.1,28.9,24.0,16.6,18.0,36.4,34.6,13.0,46.1,33.0,17.4,23.5,11.6,60.3,29.7,12.6,28.8,21.2,68.2,27.5,20.8,13.5,16.5,46.4,69.0,55.8,22.7,9.1,25.1,10.3,32.1,15.3,33.4
2022-04-13,23.5,10.8,15.0,,13.6,53.3,33.4,20.7,33.8,42.7,15.4,47.4,19.6,21.5,48.9,17.4,11.1,28.9,23.8,16.6,18.0,36.6,34.6,12.6,46.1,33.0,17.4,23.5,11.8,60.7,29.8,12.6,28.6,21.3,68.1,27.3,20.8,13.5,16.5,46.8,69.0,55.5,22.6,8.9,25.1,10.5,32.1,14.7,32.6
2022-04-14,23.5,10.8,15.0,,13.6,53.2,33.4,20.2,33.3,42.3,15.3,47.1,19.4,21.3,49.0,17.4,11.1,28.8,24.3,16.6,17.9,36.3,34.9,12.4,45.8,33.0,17.4,23.5,12.1,60.6,28.5,12.6,28.4,21.0,68.3,27.4,20.8,13.5,16.3,46.4,69.0,55.5,22.7,9.0,25.1,10.6,32.2,14.8,32.3
2022-04-15,23.7,10.8,15.0,,13.6,53.3,33.5,20.2,33.8,41.9,15.1,47.1,19.3,21.2,48.8,17.4,11.1,28.8,24.0,16.6,18.0,36.1,34.9,12.7,45.8,33.0,17.4,23.7,13.1,59.8,27.9,12.6,29.1,20.7,68.2,27.4,20.8,13.5,16.3,46.5,69.1,55.5,22.9,9.1,25.1,10.6,32.2,14.9,32.5
2022-04-16,23.8,10.8,15.2,,13.6,53.2,33.5,20.2,32.4,41.6,15.0,47.1,19.2,21.1,48.8,17.4,11.1,28.7,24.0,16.6,18.1,36.2,34.9,12.7,45.8,33.0,17.4,23.8,13.5,60.1,28.2,12.6,28.4,20.6,68.2,27.5,20.8,13.5,16.3,46.1,69.1,55.5,22.8,9.0,25.1,10.6,32.2,14.9,32.9
2022-04-17,23.8,10.8,15.2,,13.6,53.0,33.5,20.3,31.0,41.2,14.7,47.1,19.0,21.1,49.1,17.4,11.1,28.8,23.8,16.6,18.0,35.8,34.9,11.9,45.8,33.0,17.4,23.8,13.5,59.4,29.1,12.6,27.1,20.8,67.9,27.4,20.8,13.5,16.3,46.1,69.0,55.1,22.8,9.0,25.1,10.6,32.2,14.8,32.2
2022-04-18,23.9,10.8,15.2,,13.6,53.1,33.5,20.2,31.5,41.2,14.7,47.1,19.0,21.1,49.3,17.4,11.1,28.7,24.0,16.6,18.0,35.7,34.9,11.7,45.8,33.0,17.4,23.9,12.9,58.2,28.5,12.6,26.7,20.7,67.7,27.4,20.8,13.5,16.3,46.0,69.0,55.1,22.8,8.9,25.1,10.6,32.2,14.0,32.1
2022-04-19,23.4,10.8,15.1,,13.6,53.0,33.5,20.1,31.6,41.1,14.5,47.1,19.0,21.2,49.0,17.4,11.1,28.7,23.4,16.6,18.0,35.5,34.9,11.9,45.8,33.0,17.4,24.0,12.7,57.9,28.5,12.6,26.9,20.8,67.5,27.2,20.8,13.5,16.2,45.3,69.0,55.0,22.8,9.0,25.1,10.6,32.2,14.1,32.3
2022-04-20,23.3,10.8,15.3,,13.6,52.6,33.5,19.5,30.9,41.0,14.4,47.1,18.8,20.9,48.7,17.4,11.1,28.7,23.3,16.6,17.7,35.2,34.9,12.2,45.8,33.0,17.4,24.1,12.8,57.7,28.4,12.6,28.6,20.8,67.2,27.1,20.8,13.5,16.2,45.0,68.9,55.0,23.1,8.9,25.1,10.7,32.2,14.7,32.2
2022-04-21,23.5,10.8,15.0,,13.7,52.4,33.6,19.5,31.0,40.8,14.3,46.9,18.7,21.0,48.6,17.8,11.1,28.8,23.1,16.6,17.7,35.3,34.9,11.8,46.1,32.9,17.4,24.1,12.7,57.8,28.9,12.6,30.3,20.8,67.5,27.1,20.9,13.5,16.2,44.6,68.9,55.2,23.5,8.9,25.1,10.7,32.1,15.1,32.1
2022-04-22,23.5,10.9,14.8,,13.7,51.8,33.6,19.5,30.3,40.6,14.2,46.9,18.6,20.7,48.4,17.8,11.1,28.8,23.0,16.6,17.6,35.1,34.9,11.7,46.1,32.9,17.4,24.1,12.9,57.8,28.7,12.7,30.2,20.9,67.2,27.1,20.9,13.5,16.2,44.1,69.0,55.2,23.5,8.9,25.0,10.7,32.1,14.8,32.6
2022-04-23,23.6,10.9,14.7,,13.7,51.4,33.6,19.5,29.8,40.2,14.0,46.9,18.6,20.7,48.7,17.8,11.1,28.8,23.6,16.6,17.7,34.8,34.9,11.7,46.1,32.9,17.4,24.3,13.8,57.4,28.8,12.7,29.3,20.7,66.4,26.9,20.9,13.5,16.2,44.0,69.0,55.3,23.5,8.9,25.0,10.7,32.1,14.6,32.9
2022-04-24,23.9,10.9,14.8,,13.7,50.8,33.6,19.5,30.0,39.9,13.7,46.9,18.4,20.5,48.7,17.8,11.1,28.8,23.9,16.6,17.8,34.3,34.9,11.5,46.1,32.9,17.4,24.4,13.7,57.4,29.5,12.7,28.9,20.9,65.9,26.8,20.9,13.5,16.2,43.9,69.1,55.3,23.5,8.9,25.1,10.8,32.1,14.6,32.5
2022-04-25,23.9,10.9,14.9,,13.7,50.8,33.6,19.5,29.6,39.5,13.5,46.9,18.1,20.5,48.6,17.8,11.1,28.8,23.9,16.6,17.9,34.2,34.9,11.5,46.1,32.9,17.5,24.6,13.9,56.4,29.9,12.7,28.9,20.9,65.0,26.9,20.9,13.5,16.2,42.7,69.0,55.3,23.5,8.9,25.0,10.8,32.1,14.4,32.7
2022-04-26,23.5,10.8,15.0,,13.7,50.5,33.7,19.5,28.4,39.3,13.4,46.9,17.9,20.2,48.9,17.8,11.1,28.8,23.5,16.6,17.9,33.5,34.8,11.5,45.8,32.9,17.5,24.8,13.4,56.0,30.4,12.7,29.2,20.9,64.8,26.8,20.9,13.5,16.2,42.2,69.1,55.1,23.5,8.8,24.9,10.7,32.1,14.0,32.3
2022-04-27,23.6,10.8,14.7,,13.7,50.5,33.7,19.5,27.9,38.9,13.3,46.9,17.8,20.1,49.0,17.8,11.0,29.7,23.6,16.6,18.0,32.8,34.8,11.7,45.8,32.9,17.5,24.8,12.9,55.6,30.9,12.4,28.9,20.9,64.7,26.8,20.9,13.5,16.2,41.3,69.1,55.1,23.6,9.1,24.9,10.7,32.1,14.2,32.5
2022-04-28,23.6,10.7,14.7,,13.7,50.1,33.7,19.5,28.2,38.7,13.2,46.9,17.9,19.6,48.8,17.8,11.0,29.7,23.5,16.6,18.0,32.5,34.8,11.6,45.8,32.9,17.5,24.8,12.6,54.6,31.4,12.4,29.7,20.8,64.6,26.8,20.9,13.5,16.2,41.3,69.2,55.1,23.6,9.0,24.9,10.7,32.1,14.3,31.5
2022-04-29,24.4,10.7,14.7,,13.7,50.3,33.7,19.5,28.3,38.4,12.9,46.9,17.8,20.0,48.8,17.8,11.0,29.7,24.4,16.6,17.9,31.8,34.8,11.5,45.8,32.9,17.2,24.9,13.0,54.5,32.1,12.4,30.7,20.7,62.9,26.8,20.9,13.5,16.2,40.7,69.2,55.1,23.6,8.8,24.9,10.7,32.1,14.2,31.5
2022-04-30,24.5,10.7,14.8,,13.7,50.3,33.7,19.5,26.9,38.2,12.9,46.9,17.8,20.1,48.7,17.8,11.0,29.7,24.5,16.6,17.9,31.9,34.8,11.2,45.8,32.9,17.2,25.1,13.1,54.6,32.5,12.4,30.3,20.7,62.0,26.9,20.9,13.5,16.2,40.5,69.2,55.1,23.6,8.6,24.9,10.7,34.6,14.5,32.3
2022-05-01,23.2,10.7,14.5,,10.2,50.3,33.8,20.2,25.4,36.0,12.8,23.2,16.9,19.9,49.0,18.0,10.7,29.0,23.4,15.2,20.3,31.6,31.3,11.0,43.1,33.2,17.3,25.3,13.2,54.9,33.3,13.5,30.3,20.5,61.6,27.0,20.9,13.7,15.9,40.5,69.2,56.4,22.6,8.7,25.6,11.0,35.1,13.9,32.3
2022-05-02,22.6,10.7,14.4,,10.2,49.6,33.8,20.2,24.5,35.9,12.5,23.2,16.7,19.8,49.4,18.0,10.6,29.0,22.4,15.2,20.3,31.9,31.4,10.6,43.1,33.2,17.3,25.4,13.4,54.5,34.4,13.5,30.8,20.5,61.1,26.9,20.9,13.7,16.0,40.5,69.2,56.4,22.6,8.7,25.6,10.9,35.1,14.2,32.3
2022-05-03,23.3,10.7,14.4,,13.8,49.0,33.5,14.2,24.5,37.3,12.2,46.8,17.0,19.6,49.7,18.2,10.9,29.7,22.3,16.7,17.9,31.9,34.8,11.9,45.9,32.8,17.1,25.5,14.1,52.9,34.5,12.4,30.6,20.5,60.5,26.6,20.9,13.5,16.2,40.4,69.1,55.0,23.3,8.6,24.9,10.7,34.5,13.7,32.0
2022-05-04,23.3,10.7,14.4,,13.8,48.7,33.5,14.2,24.8,37.3,12.0,46.8,17.0,19.8,49.8,18.2,10.8,29.7,22.5,16.7,17.9,31.7,34.8,11.3,45.9,32.8,17.1,25.5,13.6,51.6,34.5,12.4,30.3,20.5,59.7,26.5,20.9,13.5,16.2,40.5,69.1,55.1,23.3,8.6,24.9,10.7,34.5,13.8,32.0
2022-05-05,22.5,10.7,14.3,,13.8,48.7,33.5,14.2,24.3,37.2,11.9,46.8,16.8,19.8,49.7,18.2,10.8,29.7,22.5,16.7,17.9,31.7,34.9,11.6,45.9,32.8,17.1,25.7,14.4,52.0,35.1,12.4,31.0,20.8,59.4,26.4,20.9,13.5,16.2,40.8,69.2,55.1,22.4,8.6,24.9,10.7,34.5,13.9,31.8
2022-05-06,22.6,10.7,14.1,,13.9,48.8,33.6,14.2,24.3,37.1,11.8,46.3,16.7,19.6,50.0,18.2,10.8,29.0,22.6,16.8,17.9,31.6,34.9,11.6,45.4,32.8,17.0,25.8,14.3,51.6,35.3,12.4,31.2,20.7,58.3,26.2,21.0,13.5,16.2,39.8,69.3,55.0,22.5,8.5,24.9,10.7,34.9,14.0,31.1
2022-05-07,22.6,10.7,14.3,,13.9,48.7,33.6,14.2,24.0,36.8,11.7,46.3,16.5,19.3,49.8,18.2,10.9,29.0,21.8,16.8,17.9,32.1,35.0,11.3,45.4,32.8,17.0,26.0,14.3,50.8,36.0,12.4,30.4,20.4,58.0,26.2,21.0,13.5,16.2,40.4,69.2,54.9,22.6,8.5,24.9,10.7,34.9,13.4,31.6
2022-05-08,22.6,10.7,14.0,,13.9,48.7,33.6,14.2,24.3,36.4,11.5,46.3,16.2,19.4,50.0,18.2,10.9,29.0,21.4,16.9,17.9,32.1,35.0,10.2,45.4,32.8,17.1,26.0,14.4,49.9,36.9,12.4,30.3,20.5,58.3,26.1,21.0,13.5,16.2,39.7,69.3,54.9,22.6,8.5,24.9,10.7,34.9,13.4,31.3
2022-05-09,22.6,10.7,13.9,,13.9,48.1,33.6,14.2,25.8,36.1,11.4,46.3,15.9,19.0,50.4,18.2,10.9,29.0,21.0,16.9,17.9,31.6,35.0,10.1,45.4,32.8,17.1,26.1,14.2,49.8,37.5,12.4,30.2,20.4,58.0,26.0,21.0,13.5,16.1,39.2,69.4,54.9,22.6,8.3,24.9,10.7,34.9,13.2,32.8
2022-05-10,22.5,10.7,14.0,,13.9,47.0,33.6,14.2,26.2,36.0,11.3,46.3,15.5,19.2,50.3,18.2,10.9,29.0,21.5,16.9,17.9,31.6,35.0,9.8,45.4,32.8,17.1,26.1,14.4,49.3,38.7,12.4,29.3,20.4,58.3,25.9,21.0,13.5,16.1,38.7,69.4,54.9,22.5,8.2,24.9,10.7,34.9,14.0,33.4
2022-05-11,22.4,10.7,13.7,,14.0,46.4,33.7,14.3,25.9,35.8,11.3,46.3,15.4,19.2,50.6,18.3,10.9,28.9,21.5,16.9,17.9,31.7,34.9,9.8,45.3,32.6,17.0,26.2,14.4,49.2,40.6,12.3,29.0,20.5,58.4,26.1,21.1,13.5,16.1,38.5,69.4,55.0,22.4,8.1,24.9,10.7,34.9,13.5,32.5
2022-05-12,22.4,10.7,13.9,,14.0,46.3,33.8,14.3,25.1,35.7,11.2,46.3,15.4,18.9,50.7,18.3,11.0,29.0,21.6,16.9,18.4,31.7,34.9,9.9,45.3,32.6,17.0,26.2,13.9,48.9,39.9,12.3,28.9,20.2,57.8,26.1,21.2,13.5,16.1,39.0,69.4,54.9,22.4,8.1,24.9,10.7,34.9,13.3,32.9
2022-05-13,22.5,10.7,14.0,,14.0,46.2,33.7,14.3,25.0,35.6,10.9,46.3,15.3,19.0,50.7,18.3,11.0,29.0,21.5,16.9,18.5,31.1,34.9,10.4,45.3,32.6,17.0,26.2,13.7,48.7,40.4,12.3,27.9,19.9,57.8,26.0,21.2,13.5,16.1,38.3,69.3,54.9,22.5,8.0,24.9,10.7,34.9,13.2,33.0
2022-05-14,22.4,10.7,13.9,,14.0,46.1,33.7,14.3,25.5,35.3,10.7,46.3,15.2,18.8,50.9,18.3,11.0,29.0,21.3,16.9,18.5,31.6,34.9,10.5,45.3,32.6,17.0,26.3,13.5,48.7,41.6,12.3,27.9,19.9,57.4,26.0,21.2,13.5,16.1,38.1,69.3,54.9,22.4,8.2,24.9,10.7,34.9,13.1,32.2
2022-05-15,22.6,10.7,13.6,,14.0,46.6,33.7,14.4,25.7,33.8,10.6,46.3,15.3,18.8,51.2,18.3,11.1,29.0,21.3,16.9,18.5,31.9,34.9,10.6,45.3,32.6,17.3,26.0,13.5,48.4,42.1,12.3,28.5,19.6,58.3,26.2,21.2,13.5,16.1,37.7,69.2,53.8,22.6,8.2,24.9,10.8,34.9,13.1,32.4
2022-05-16,24.8,10.7,13.6,,14.0,46.6,33.7,14.4,25.9,33.6,10.4,46.3,15.2,18.7,51.1,18.3,11.1,29.0,21.2,16.9,18.5,31.4,35.1,10.7,45.3,32.6,17.3,26.1,12.7,47.2,43.0,12.3,28.6,19.5,58.8,26.0,21.2,13.5,16.1,37.9,69.2,53.8,25.1,8.1,24.8,10.8,34.9,12.8,31.7
2022-05-17,24.9,10.6,13.5,,13.9,46.6,33.8,14.3,26.6,33.5,10.1,46.3,15.2,18.3,51.0,18.3,11.1,28.9,21.2,16.9,18.5,31.0,35.2,10.8,45.3,32.6,17.3,26.3,12.7,47.3,44.7,12.3,28.5,19.5,59.2,25.9,21.7,13.5,16.1,38.0,69.2,53.8,25.3,8.1,24.9,10.8,34.8,12.7,32.0
2022-05-18,24.9,10.6,13.5,,13.9,46.8,33.8,14.3,25.7,33.3,10.1,46.3,14.8,18.1,51.0,18.3,11.1,28.9,21.2,16.8,18.5,30.3,35.2,11.1,45.4,32.6,17.4,26.3,13.2,47.6,45.7,12.3,28.7,19.3,58.5,25.8,21.8,13.5,16.2,37.1,69.1,53.9,25.2,8.2,24.9,10.7,34.8,12.5,32.0
2022-05-19,25.0,10.6,13.6,,13.9,46.9,33.8,14.4,25.9,33.3,10.0,46.3,14.5,17.9,50.9,18.3,11.1,28.9,22.1,16.8,18.5,30.5,35.2,10.9,45.4,32.6,17.4,26.2,13.3,47.7,46.1,12.3,28.2,19.2,58.4,25.7,21.7,13.5,16.1,37.2,69.1,54.6,25.2,8.3,25.0,10.8,34.8,12.2,31.5
2022-05-20,24.9,10.6,13.6,,13.9,47.2,33.8,14.4,26.0,33.1,9.8,46.3,14.2,17.6,50.8,18.3,11.1,28.9,22.1,16.8,18.5,30.2,35.2,10.9,45.4,32.6,17.2,26.2,13.2,47.7,46.2,12.3,27.2,19.3,59.1,25.6,21.7,13.5,16.1,37.3,69.1,54.9,25.2,8.3,24.9,10.8,34.8,11.7,32.0
2022-05-21,24.9,10.6,13.7,,14.0,47.5,34.1,14.4,25.7,32.8,9.7,46.3,14.3,17.4,50.6,18.3,11.2,28.8,20.8,16.8,18.5,30.1,35.1,11.6,45.4,32.5,17.2,26.3,13.1,47.8,46.7,12.0,26.3,19.0,59.7,25.6,21.8,13.5,16.1,37.2,69.1,54.0,25.2,8.4,24.9,10.8,34.8,11.7,32.1
2022-05-22,24.9,10.6,13.7,,14.0,48.0,34.2,14.4,25.4,32.7,9.4,46.3,14.1,17.4,50.7,18.3,11.2,28.8,19.4,16.9,18.5,30.4,35.1,11.2,45.4,32.5,17.1,26.5,13.2,47.8,47.6,12.0,26.7,19.0,59.7,25.7,21.8,13.5,16.1,37.1,69.1,53.9,25.2,8.4,24.9,10.8,34.8,11.7,32.3
2022-05-23,25.0,10.6,13.7,,14.0,47.4,34.3,14.4,26.1,32.4,9.4,46.3,14.2,17.5,51.0,18.3,11.2,28.7,18.8,16.9,18.5,30.6,35.1,11.3,45.3,32.5,17.1,26.7,13.3,48.2,48.6,12.0,26.5,19.0,59.7,25.6,21.9,13.5,16.1,37.0,69.0,53.9,25.2,8.4,25.0,10.8,34.8,11.8,33.3
2022-05-24,24.8,10.5,13.7,,13.9,48.2,34.4,14.4,26.0,32.0,9.4,46.2,14.6,17.4,51.5,18.3,11.2,28.6,18.0,16.9,18.5,30.7,36.0,11.7,45.2,32.5,17.1,26.9,13.3,48.3,49.0,12.0,26.1,18.8,59.4,25.5,22.0,13.5,16.1,36.7,68.9,55.0,25.2,8.5,24.8,10.8,34.8,11.7,33.0
2022-05-25,24.8,10.5,13.6,,13.9,48.3,34.4,14.4,26.4,31.8,9.4,46.2,14.7,17.4,51.6,18.3,11.2,28.6,18.6,16.9,18.5,30.3,36.0,12.0,45.0,32.5,17.1,27.1,13.0,50.1,50.0,12.0,27.0,18.4,58.9,25.4,21.9,13.7,16.0,36.7,69.0,55.1,25.3,8.5,24.8,10.8,34.6,11.6,32.6
2022-05-26,24.9,10.5,13.5,,13.9,48.1,34.4,14.4,26.8,31.7,9.6,46.2,14.7,17.4,51.6,18.3,11.2,28.6,18.6,16.9,18.5,30.6,36.0,11.9,45.0,32.5,17.1,27.2,13.9,50.7,49.9,12.0,27.3,18.5,59.0,25.4,21.8,13.7,16.0,36.6,69.0,55.1,25.3,8.5,24.9,10.8,34.4,11.5,32.6
2022-05-27,24.9,10.5,13.5,,13.9,48.0,34.4,14.4,26.7,31.7,9.5,46.2,14.8,17.6,52.1,18.3,11.2,28.6,17.9,16.9,18.5,30.6,36.0,11.2,45.0,32.5,17.0,27.1,13.8,51.8,50.1,12.0,26.8,18.3,60.4,25.3,21.7,13.7,16.0,36.7,69.0,55.0,25.3,8.6,24.9,10.8,34.3,11.3,32.4
2022-05-28,24.9,10.5,13.8,,13.9,48.9,34.4,14.4,26.9,31.5,9.5,46.2,15.0,17.7,51.9,18.3,11.2,28.6,18.1,16.9,18.5,30.7,36.0,11.1,45.0,32.5,17.0,27.2,14.9,52.8,50.0,12.0,26.2,18.3,61.1,25.2,21.8,13.7,16.0,36.4,69.0,55.0,25.3,8.5,24.9,10.8,34.3,11.3,32.6
2022-05-29,24.9,10.5,13.6,,13.9,48.7,34.4,14.4,26.6,31.5,9.5,46.2,15.0,17.3,51.9,18.3,11.2,28.6,17.5,16.9,18.5,30.2,36.0,11.4,44.9,32.4,17.0,27.3,14.7,52.9,50.4,12.0,25.9,18.0,61.5,25.4,21.7,13.7,16.0,36.5,68.9,55.5,25.3,8.5,24.9,10.8,34.2,11.2,32.4
2022-05-30,22.2,10.5,13.6,,13.9,48.7,34.4,19.7,27.7,31.2,9.5,46.2,15.0,17.5,52.4,18.4,11.2,28.1,17.8,16.9,18.7,30.8,35.9,12.0,44.8,32.2,17.0,27.4,14.2,52.9,50.9,12.0,26.4,18.0,62.2,25.4,21.8,13.7,16.1,36.9,68.8,50.7,22.2,8.6,25.0,10.8,34.2,10.9,31.2
2022-05-31,22.2,10.5,13.5,,13.9,48.5,34.4,19.7,28.6,31.0,9.4,46.2,14.9,17.5,52.5,18.4,11.1,28.1,18.5,16.9,18.7,32.1,36.0,12.5,44.8,31.9,17.0,27.3,14.0,52.9,51.5,12.0,26.0,17.9,62.6,25.5,21.6,13.7,16.1,38.2,68.7,50.7,22.2,8.6,25.0,10.8,34.2,11.0,30.8
2022-06-01,22.2,10.5,13.5,,13.5,49.1,34.8,19.7,29.7,30.7,9.5,46.1,15.0,17.5,52.5,18.6,11.1,27.0,19.3,16.7,18.6,32.5,35.1,12.9,44.9,35.3,17.0,27.4,14.2,52.9,52.0,11.9,23.9,17.9,62.7,24.9,21.5,13.7,16.0,38.3,68.8,51.2,22.2,8.6,24.8,10.8,34.3,10.8,30.9
2022-06-02,22.1,10.5,13.5,,13.5,49.5,34.8,19.7,30.0,30.7,9.5,46.1,15.0,17.5,52.7,18.6,11.1,26.9,19.3,16.7,18.6,32.4,35.1,12.9,44.9,35.3,17.0,27.4,14.2,53.8,52.2,11.9,23.9,17.8,62.9,25.0,21.5,13.7,16.0,38.3,68.7,54.6,22.1,8.7,24.8,10.8,34.3,11.2,31.4
2022-06-03,22.1,10.5,13.6,,13.5,50.2,34.8,19.7,30.6,30.6,9.4,46.1,15.0,17.5,52.8,18.6,11.1,26.9,19.2,16.7,18.6,31.8,35.1,13.2,44.9,35.3,17.0,27.5,14.0,53.4,52.2,11.9,23.8,17.5,63.7,25.0,21.4,13.7,16.0,38.8,68.8,56.0,22.1,8.5,24.8,10.8,34.3,10.9,32.1
2022-06-04,22.3,10.5,13.4,,13.5,50.4,34.8,19.7,30.7,30.5,9.5,46.1,15.0,17.7,52.9,18.6,11.1,26.9,19.7,16.7,18.6,32.0,35.1,13.4,44.9,35.3,17.0,27.7,12.5,54.0,52.0,11.9,24.3,17.3,64.8,24.9,21.5,13.7,16.0,38.8,69.0,56.0,22.3,8.5,24.8,10.8,34.3,10.9,31.7
2022-06-05,22.3,10.5,13.4,,13.5,50.3,34.8,19.7,30.7,30.5,9.4,46.1,15.1,18.0,53.0,18.6,11.1,26.9,19.5,16.7,18.6,31.6,35.1,13.6,44.9,35.1,17.0,27.6,12.0,54.5,52.1,11.9,24.1,17.0,64.5,25.0,21.4,13.7,16.0,39.2,69.0,56.1,22.3,8.5,24.8,10.8,34.3,10.8,31.7
2022-06-06,22.2,10.5,13.0,,13.5,50.7,34.8,19.7,30.8,30.5,9.3,46.1,15.0,18.1,52.8,18.6,11.1,26.9,19.9,16.7,18.6,32.1,35.1,13.7,44.9,35.0,17.0,27.6,12.1,55.1,52.1,11.9,24.7,16.8,65.4,25.0,21.2,13.7,16.0,38.3,68.8,56.1,22.2,8.5,24.8,10.8,34.3,10.7,32.0
2022-06-07,22.3,10.5,12.8,,13.5,51.1,34.8,19.7,31.1,30.2,9.3,46.1,15.0,18.1,52.5,18.6,11.1,26.9,19.6,16.7,18.6,32.8,35.1,13.9,44.9,34.5,17.0,27.4,13.0,55.1,52.1,11.9,25.0,16.4,65.8,25.2,21.2,13.7,16.0,39.1,68.9,56.1,22.3,8.6,24.8,10.8,34.3,10.4,33.2
2022-06-08,22.4,10.5,12.7,,13.5,51.6,34.8,19.7,30.9,30.2,9.3,46.1,15.0,17.9,52.6,18.6,11.1,26.9,19.4,16.7,18.6,32.7,35.1,13.8,44.9,34.5,16.9,27.3,13.0,55.1,53.2,11.9,24.5,16.4,65.7,25.2,21.1,13.7,16.0,39.3,69.0,56.1,22.4,8.6,24.8,10.8,34.3,10.2,32.7
2022-06-09,22.3,10.5,12.7,,13.5,52.5,34.8,19.7,30.4,30.0,9.3,46.1,15.1,18.2,52.9,18.6,11.1,26.9,18.8,16.7,18.6,33.3,35.1,14.0,45.0,34.5,16.9,27.3,13.1,55.7,53.6,11.9,25.0,15.9,66.0,25.3,21.1,13.7,16.0,39.8,69.1,56.1,22.3,8.3,24.8,10.8,34.3,10.0,32.9
2022-06-10,22.3,10.5,12.8,,13.5,53.0,34.8,19.7,31.7,29.9,9.3,46.1,15.3,18.0,53.0,18.6,11.1,26.9,18.9,16.7,18.6,33.9,35.1,14.1,45.0,34.5,16.9,27.3,13.4,56.4,52.6,11.9,25.1,16.0,66.0,25.3,21.1,13.7,16.0,40.4,69.1,56.2,22.3,8.3,24.8,10.8,34.3,10.1,32.8
2022-06-11,22.9,10.4,12.8,,13.6,53.2,34.8,19.7,31.7,29.6,9.3,46.1,15.2,18.0,52.9,18.7,11.1,26.6,18.7,16.7,18.5,35.0,35.0,13.9,44.9,34.2,16.9,27.4,13.1,56.9,52.9,11.9,25.5,15.9,66.7,25.2,21.2,13.7,16.0,40.1,69.1,57.0,22.9,8.3,24.2,10.8,34.4,9.9,33.2
2022-06-12,23.0,10.4,12.8,,13.6,53.1,34.8,19.7,31.6,29.6,9.3,46.1,15.6,17.9,52.9,18.7,11.1,26.6,18.7,16.7,18.5,35.8,35.0,13.6,44.9,34.1,17.7,27.4,13.8,56.9,53.6,11.9,25.9,15.8,66.5,25.2,21.2,13.7,16.0,40.8,69.1,57.0,23.0,8.2,24.2,10.8,34.4,10.2,33.1
2022-06-13,24.2,10.4,12.8,,13.6,53.0,34.8,19.7,31.8,29.4,9.2,46.1,16.1,18.1,53.0,18.7,11.1,26.7,18.6,16.7,18.5,36.1,35.0,13.3,45.9,34.0,17.7,27.3,16.2,57.5,54.8,11.9,26.2,16.0,66.1,25.0,21.2,13.7,16.0,42.0,69.0,57.6,24.7,8.0,24.2,10.8,34.4,10.2,33.5
2022-06-14,24.2,10.4,12.5,,13.6,52.5,34.8,19.7,31.4,29.2,9.2,46.1,16.1,18.1,53.1,18.7,11.1,26.7,18.7,16.7,18.5,36.8,35.0,13.6,46.0,34.0,17.7,27.3,16.5,57.1,56.0,11.9,26.1,16.2,66.0,25.0,21.2,13.7,16.0,43.0,69.0,57.4,24.7,8.0,24.2,10.8,34.4,10.1,33.9
2022-06-15,24.2,10.4,12.5,,13.5,52.1,34.8,19.7,31.8,29.0,9.2,46.2,16.2,18.2,53.2,18.7,11.1,25.7,18.6,16.7,18.6,37.0,35.0,13.2,46.0,33.9,17.7,27.3,16.2,58.0,56.2,11.8,26.2,15.8,66.7,25.1,21.1,13.7,16.0,43.4,68.9,57.3,24.7,7.9,24.2,10.8,34.5,10.2,34.5
2022-06-16,24.2,10.4,12.6,,13.5,52.1,34.8,19.6,31.7,28.8,9.1,46.2,16.2,18.3,53.2,18.7,11.1,25.5,18.5,16.7,18.6,37.2,35.0,13.5,45.6,33.9,17.7,27.3,16.5,57.6,54.3,11.8,26.6,15.6,66.6,25.2,21.1,13.7,16.0,43.4,69.0,57.3,24.7,8.0,24.2,10.8,34.5,10.2,34.1
2022-06-17,24.2,10.4,12.2,,13.6,52.1,34.8,19.6,31.7,28.8,9.0,46.2,16.3,18.5,53.0,18.7,11.1,25.4,18.6,16.7,18.6,37.6,35.0,13.8,45.6,33.9,17.7,27.4,16.7,58.1,54.2,11.8,26.0,15.3,66.4,25.3,21.1,13.7,16.0,44.6,69.0,57.4,24.6,8.2,24.2,10.8,34.5,10.0,34.6
2022-06-18,24.2,10.4,12.3,,13.6,52.1,34.8,19.6,31.2,28.8,8.9,46.2,16.3,18.4,52.8,18.7,11.1,25.4,18.5,16.7,18.6,37.4,35.0,13.9,45.6,33.9,17.7,27.4,16.2,57.6,54.0,11.8,25.2,15.1,66.4,25.4,21.1,13.7,16.0,44.5,69.0,57.5,24.6,8.2,24.2,10.8,34.5,10.5,35.4
2022-06-19,24.2,10.4,12.2,,13.6,51.9,34.8,19.7,31.2,28.6,9.0,46.2,16.4,18.6,52.4,18.7,11.1,25.2,18.0,16.7,18.6,37.4,35.0,14.1,45.5,33.9,17.7,27.3,16.4,58.3,54.4,11.8,25.2,15.1,66.8,25.4,21.1,13.7,16.0,44.5,68.9,57.5,24.6,8.2,24.2,10.8,34.5,10.7,35.1
2022-06-20,24.2,10.4,11.9,,13.6,51.7,34.8,19.7,31.7,28.3,9.3,46.2,16.5,18.7,51.9,18.7,11.1,25.0,19.2,16.7,18.6,37.6,35.0,13.5,45.5,34.0,17.7,27.3,16.9,58.3,54.2,11.8,25.6,14.9,67.1,25.4,21.1,13.7,16.0,44.3,68.9,57.5,24.5,8.2,24.2,10.8,34.5,10.3,34.6
2022-06-21,23.9,10.4,11.6,,13.6,51.6,34.8,19.7,32.0,28.2,9.5,46.1,16.5,18.7,52.1,18.8,11.2,24.1,19.3,16.7,18.4,37.4,35.0,14.7,45.4,34.1,17.7,27.4,15.7,58.8,54.2,11.8,25.0,14.7,67.7,25.3,21.1,13.7,16.0,45.3,68.5,57.4,24.5,8.5,23.9,10.8,34.6,10.4,34.6
2022-06-22,23.9,10.4,11.7,,13.6,51.8,34.8,19.7,31.7,28.3,9.7,46.1,16.4,19.0,52.1,18.8,11.2,24.3,19.5,16.7,18.4,37.5,35.0,14.7,45.4,34.1,17.7,27.3,15.6,58.4,53.6,11.8,25.5,15.0,68.1,25.2,21.1,13.7,16.0,46.3,68.5,57.4,24.5,8.4,23.9,10.8,34.6,10.6,34.7
2022-06-23,23.9,10.4,11.6,,13.6,51.8,34.8,19.7,31.7,28.5,9.8,46.1,16.5,19.1,52.2,18.8,11.2,24.5,20.1,16.7,18.4,37.4,35.0,14.8,45.4,34.1,17.7,27.1,15.7,58.4,53.3,11.8,25.3,14.7,68.1,25.2,21.1,13.7,16.0,46.6,68.4,57.4,24.5,8.4,23.9,10.8,34.2,10.9,34.9
2022-06-24,23.9,10.4,11.4,,13.6,51.1,34.7,19.7,31.8,28.4,10.0,46.1,16.5,19.0,52.2,18.8,11.2,24.3,20.3,16.6,18.4,37.7,35.0,14.3,45.2,34.1,17.7,27.2,15.5,58.3,52.8,11.6,25.4,15.0,67.8,25.2,21.1,13.7,16.0,46.8,68.5,57.4,24.6,8.3,23.9,10.8,34.2,10.8,35.0
2022-06-25,23.9,10.4,11.5,,13.6,51.4,34.4,19.7,32.1,28.4,10.0,46.1,16.5,19.1,52.2,18.7,11.2,24.0,19.8,16.6,18.4,38.0,34.9,14.3,45.1,34.0,17.7,27.2,15.1,57.6,52.6,11.6,25.0,15.3,67.2,25.3,21.1,13.7,15.9,47.3,68.4,57.6,24.5,8.3,23.9,10.8,34.3,11.3,35.2
2022-06-26,23.9,10.4,11.1,,13.6,51.9,34.4,19.7,32.4,28.4,10.3,46.1,16.7,19.2,52.2,18.7,11.2,24.0,20.0,16.5,18.4,38.0,34.9,14.5,45.1,34.0,17.7,27.4,15.5,57.3,53.6,11.6,25.5,15.2,67.6,25.1,21.1,13.7,15.9,47.6,68.4,57.5,24.5,8.4,23.9,10.8,34.3,12.0,35.0
2022-06-27,23.9,10.4,11.1,,13.6,51.8,34.4,19.7,32.6,28.3,10.5,46.1,17.4,19.4,52.4,18.7,11.2,24.1,19.5,16.5,18.4,38.2,34.9,14.6,45.1,34.0,17.7,27.2,15.0,57.6,53.3,11.6,25.6,15.5,67.6,25.2,21.1,13.7,15.9,47.8,68.0,57.5,24.5,8.2,23.9,10.8,34.3,12.0,34.7
2022-06-28,21.7,10.4,11.2,,10.1,51.9,34.4,20.2,32.8,28.2,11.0,23.0,17.0,19.1,52.4,18.6,10.8,24.9,19.2,15.0,20.2,38.4,31.6,14.3,43.0,34.4,17.7,27.2,15.0,57.7,53.3,13.1,25.4,15.4,68.4,25.7,21.0,13.7,15.6,47.5,68.1,58.5,21.7,8.3,24.3,11.0,34.2,11.9,34.7
2022-06-29,21.7,10.4,11.2,,10.1,52.2,34.4,20.2,33.2,28.3,11.4,23.0,17.3,19.0,52.8,18.6,10.8,24.9,20.0,15.0,20.2,38.2,31.6,14.1,43.0,34.3,17.7,27.2,15.4,57.9,53.8,13.1,24.6,15.4,68.7,25.7,21.0,13.7,15.6,48.7,68.0,58.5,21.7,8.2,24.3,11.0,34.2,12.0,35.2
2022-06-30,21.7,10.4,10.9,,10.4,52.1,34.4,20.0,32.9,28.4,11.7,23.0,17.5,18.9,52.8,18.6,10.8,24.9,20.2,15.0,20.2,38.2,31.6,13.8,43.0,34.3,17.7,27.1,15.7,58.2,53.8,13.0,24.5,15.4,68.7,25.7,21.0,13.7,15.5,48.5,68.1,58.5,21.7,8.3,24.3,11.2,31.9,11.8,35.0
2022-07-01,21.7,10.4,10.9,,10.3,51.6,34.3,19.9,32.5,30.2,11.8,22.6,17.4,18.8,53.2,18.6,10.8,25.3,20.4,15.1,20.3,38.3,31.5,13.5,43.0,34.2,17.6,27.0,15.5,58.0,53.1,12.9,25.3,15.3,68.9,25.4,21.1,13.7,14.8,49.2,68.1,58.5,21.7,8.2,24.3,11.2,32.2,12.0,36.2
2022-07-02,21.7,10.4,11.0,,10.3,51.5,34.3,19.9,32.0,30.2,12.2,22.6,17.8,18.8,53.3,18.6,10.8,25.3,20.1,15.1,20.3,38.5,31.5,13.9,43.0,34.0,17.6,27.0,15.6,58.1,53.9,12.9,24.7,15.2,69.2,25.4,21.1,13.7,14.8,49.0,68.1,58.5,21.7,8.4,24.3,11.2,32.2,11.7,35.9
2022-07-03,21.7,10.4,10.9,,10.3,51.2,34.3,19.9,31.4,30.1,12.4,22.6,18.0,18.6,53.3,18.6,10.8,25.2,20.2,15.1,20.3,38.4,31.5,14.3,43.1,33.4,17.6,27.1,15.8,59.2,53.8,12.9,24.1,15.1,69.8,25.4,21.1,13.7,14.8,49.4,68.2,58.6,21.7,8.2,24.3,11.2,32.2,12.6,35.7
2022-07-04,21.6,10.4,10.9,,10.3,51.2,34.3,19.9,31.8,30.1,12.9,22.6,18.5,18.7,53.0,18.6,10.8,25.2,20.5,15.1,20.2,38.4,31.5,14.1,43.1,33.2,17.6,26.9,16.6,59.2,53.0,12.9,23.1,14.9,69.6,25.6,21.1,13.7,14.9,49.5,68.1,58.6,21.6,8.2,24.3,11.2,32.2,12.6,35.8
2022-07-05,21.6,10.4,11.0,,10.3,51.1,34.3,19.9,32.2,30.0,13.1,22.6,18.6,18.9,53.3,18.6,10.8,25.2,20.4,15.1,20.1,38.7,31.5,14.1,43.1,33.1,17.6,26.6,16.6,59.2,53.1,12.9,23.3,14.9,70.1,25.7,21.1,13.7,14.9,50.2,68.1,58.5,21.6,8.3,24.3,11.2,32.2,12.7,35.4
2022-07-06,21.6,10.4,11.1,,10.3,50.7,34.3,19.9,31.8,30.0,13.2,22.6,19.3,19.1,53.5,18.6,10.8,25.2,20.3,15.1,19.9,38.9,31.5,15.6,43.1,33.1,17.6,26.7,16.5,59.4,53.2,12.9,23.7,14.8,69.8,25.7,21.1,13.7,14.9,50.3,68.1,58.5,21.6,8.3,24.3,11.2,32.2,13.0,34.9
2022-07-07,21.6,10.4,11.2,,10.3,49.9,34.3,19.9,32.0,30.1,13.3,22.6,19.7,19.0,53.3,18.6,10.8,25.2,20.6,15.1,19.9,38.7,31.5,15.5,43.2,33.1,17.6,26.8,16.3,60.1,52.5,12.9,24.1,14.7,70.3,25.8,21.1,13.7,14.9,50.5,68.0,58.6,21.6,8.3,24.3,11.2,32.2,13.3,34.3
2022-07-08,21.6,10.4,11.2,,10.3,49.9,34.3,19.9,32.2,30.2,13.6,22.6,20.7,18.8,53.5,18.6,10.8,25.2,20.9,15.1,19.9,38.9,31.5,15.6,43.2,33.1,17.6,26.8,16.5,61.0,52.9,12.9,23.7,14.8,70.4,25.8,21.1,13.7,14.9,50.9,68.0,58.5,21.6,8.3,24.3,11.2,32.2,13.4,34.0
2022-07-09,21.6,10.4,11.2,,10.3,49.5,34.3,19.9,32.1,30.3,14.1,22.6,20.9,18.9,53.7,18.6,10.8,25.2,21.1,15.1,19.9,38.6,31.5,16.1,43.2,33.1,17.6,26.8,16.3,60.8,53.0,12.9,23.4,14.5,70.6,25.8,21.1,13.7,14.9,51.4,67.8,58.5,21.6,8.2,24.3,11.2,32.2,13.0,34.1
2022-07-10,21.6,10.4,11.6,,10.3,49.7,34.3,19.9,30.4,30.4,14.5,22.6,21.5,18.8,53.8,18.6,10.8,25.2,21.1,15.1,19.9,38.7,31.5,17.2,43.1,33.1,17.6,26.8,16.1,60.7,52.6,12.9,22.1,14.7,70.4,25.8,21.1,13.7,14.9,51.7,67.8,58.5,21.6,8.2,24.3,11.2,32.2,13.2,34.8
2022-07-11,21.8,10.4,11.4,,10.3,49.3,34.2,20.0,30.6,30.6,14.9,22.7,21.6,18.8,54.0,18.6,10.8,25.2,21.8,15.2,19.8,38.7,31.5,17.5,43.1,33.0,17.5,26.7,16.5,61.0,52.5,13.0,21.7,14.8,70.6,25.8,21.1,13.7,14.9,51.7,67.7,58.4,22.1,8.1,24.3,11.2,32.2,13.2,34.6
2022-07-12,21.9,10.4,11.3,,10.3,49.7,34.2,20.0,30.8,30.5,15.2,22.7,21.6,18.8,54.0,18.6,10.8,25.2,21.6,15.2,20.2,38.5,31.5,17.6,43.1,33.0,17.5,26.8,16.6,61.0,52.9,13.0,21.9,15.1,71.2,25.9,21.1,13.7,14.9,53.0,67.6,58.4,22.1,8.3,24.3,11.2,32.2,12.8,35.9
2022-07-13,22.0,10.4,11.3,,10.3,49.6,34.2,20.0,30.4,30.5,15.4,22.7,22.0,18.8,54.0,18.6,10.8,25.2,21.7,15.2,20.2,38.8,31.5,17.9,43.1,33.0,17.5,26.7,16.9,61.2,53.5,13.0,22.0,15.0,71.6,26.0,21.1,13.7,14.9,52.6,67.6,58.4,22.1,8.3,24.3,11.2,32.2,12.9,35.0
2022-07-14,22.7,10.4,11.1,,10.3,49.8,34.2,20.0,30.7,33.2,15.5,22.7,24.9,18.8,53.8,18.6,10.8,25.2,21.3,15.2,20.2,38.0,31.5,18.0,43.1,33.0,17.5,27.0,16.7,61.5,53.9,13.0,22.0,15.0,71.9,26.0,21.1,13.7,14.9,52.9,67.5,58.4,23.0,8.4,24.3,11.2,32.2,13.2,34.6
2022-07-15,22.7,10.3,11.0,,10.3,50.0,34.2,20.0,30.4,33.4,16.0,22.7,24.6,18.9,53.6,18.6,10.8,25.1,21.4,15.2,20.2,37.8,31.5,18.3,43.1,33.0,17.5,26.9,16.8,61.5,54.1,13.0,21.9,15.5,72.2,26.0,21.1,13.7,14.9,53.6,67.5,58.4,23.0,8.5,24.3,11.2,32.2,13.1,34.4
2022-07-16,22.7,10.4,10.9,,10.3,49.7,34.2,20.0,30.1,33.8,16.3,22.7,24.6,19.1,53.3,18.6,10.8,25.1,21.2,15.2,20.2,37.7,31.5,18.4,43.1,33.0,17.6,27.0,16.9,61.2,53.4,13.0,21.6,15.4,72.3,26.0,21.1,13.7,14.9,54.2,67.5,57.8,23.0,8.5,24.3,11.2,32.2,13.2,34.8
2022-07-17,22.7,10.4,10.9,,10.3,49.7,34.2,20.0,30.3,33.6,16.8,22.7,24.4,19.2,53.1,18.6,10.8,25.1,20.8,15.2,20.2,36.5,31.5,18.8,43.1,33.0,17.6,27.1,17.1,60.1,53.4,13.0,21.5,15.5,72.3,26.0,21.1,13.7,14.9,54.5,67.5,58.2,23.0,8.4,24.3,11.2,32.2,13.2,34.6
2022-07-18,22.7,10.4,10.9,,10.3,48.9,34.2,20.0,30.2,33.5,17.4,22.7,25.1,19.0,53.5,18.6,10.8,25.1,19.7,15.2,20.2,37.1,31.5,19.3,43.1,33.0,17.6,27.0,17.4,59.1,53.6,13.0,22.6,15.7,72.1,25.9,21.1,13.7,14.9,54.4,67.5,58.3,23.0,8.3,24.3,11.2,32.2,13.1,34.4
2022-07-19,23.0,10.4,11.2,,10.3,48.9,34.2,20.0,30.7,34.0,17.6,22.7,25.7,19.0,53.9,18.6,10.8,25.0,20.0,15.2,20.2,37.4,31.5,19.5,43.1,33.0,17.6,27.1,16.7,57.7,53.9,13.0,23.0,15.8,72.0,25.8,21.1,13.7,14.9,54.7,67.6,58.4,23.0,8.4,24.3,11.2,32.3,12.9,34.2
2022-07-20,22.7,10.4,11.3,,10.3,48.9,34.2,20.0,31.2,34.0,18.1,22.7,25.8,19.1,54.0,18.6,10.8,25.0,19.0,15.2,20.2,37.3,31.5,19.7,43.1,33.0,17.6,27.0,16.4,57.4,53.8,13.0,22.5,15.9,71.5,25.9,21.1,13.7,14.9,55.0,67.6,57.1,23.0,8.5,24.3,11.2,32.3,13.0,34.7
2022-07-21,22.6,10.4,11.4,,10.3,49.1,33.9,20.0,31.0,34.5,18.1,22.6,26.2,18.9,54.4,18.3,10.8,24.9,19.9,15.2,20.3,37.6,31.5,20.0,43.0,33.0,17.5,27.0,17.1,57.1,53.6,12.9,22.3,15.8,71.2,25.9,21.1,13.7,14.9,55.6,67.4,57.3,23.0,8.5,24.3,11.2,32.3,13.1,34.9
2022-07-22,22.6,10.4,11.6,,10.3,48.7,33.9,20.0,31.9,34.3,18.6,22.6,26.9,18.7,54.0,18.3,10.8,24.8,18.9,15.2,20.3,37.7,31.5,20.0,42.9,33.0,17.5,27.3,17.5,56.9,53.2,12.9,22.0,15.7,70.9,26.0,21.1,13.7,14.9,54.7,67.4,57.3,23.0,8.5,24.3,11.2,32.3,12.9,35.1
2022-07-23,22.6,10.4,11.6,,10.3,48.5,33.9,20.0,32.0,34.4,18.9,22.6,26.6,18.8,53.9,18.3,10.8,24.8,18.7,15.2,20.2,39.3,31.5,20.0,42.9,33.0,17.5,27.4,18.1,56.4,53.2,12.9,22.4,15.8,71.3,25.9,21.1,13.7,14.9,55.5,67.4,57.3,23.0,8.6,24.4,11.2,32.3,12.9,35.1
2022-07-24,22.6,10.4,11.3,,10.3,48.9,33.9,20.0,32.1,34.5,19.2,22.6,27.0,18.8,54.0,18.3,10.8,24.8,18.5,15.2,20.3,40.4,31.5,20.1,42.9,33.0,17.5,27.3,18.0,56.1,52.8,12.9,22.0,16.0,70.6,26.0,21.1,13.7,14.9,55.5,67.4,57.3,23.0,8.9,24.4,11.2,32.3,12.7,35.3
2022-07-25,22.6,10.4,11.2,,10.3,49.2,33.9,20.0,32.0,34.4,19.7,22.6,27.0,18.7,53.9,18.3,10.6,24.8,19.0,15.2,20.2,40.8,31.5,20.2,42.9,33.0,17.5,27.3,18.1,56.2,53.5,12.9,22.1,16.1,70.3,25.9,21.1,13.7,14.9,54.3,67.5,57.3,23.0,9.0,24.4,11.2,32.3,12.6,35.3
2022-07-26,22.7,10.4,11.5,,10.3,50.0,33.9,20.0,32.4,34.4,20.0,22.6,26.7,18.8,53.9,18.3,10.6,24.8,19.1,15.2,20.2,42.1,31.5,20.7,42.9,33.0,17.5,27.6,18.4,56.8,53.3,12.9,22.7,15.8,69.6,26.0,21.1,13.7,14.9,54.5,67.4,57.3,23.0,8.8,24.4,11.2,32.3,12.3,35.1
2022-07-27,22.6,10.4,11.4,,10.3,50.0,33.9,20.0,31.7,34.6,20.3,22.6,26.9,18.7,53.9,18.3,10.6,24.8,19.2,15.2,20.6,43.6,31.6,20.9,42.8,33.0,17.5,27.5,18.8,56.7,53.1,13.1,22.5,15.8,69.3,25.9,20.9,13.7,15.1,54.3,67.4,57.2,23.1,9.2,24.1,11.2,32.4,12.5,35.3
2022-07-28,23.1,10.4,11.4,,10.3,49.7,34.0,19.9,31.6,34.9,20.6,22.3,27.1,19.1,53.8,18.1,10.6,24.8,18.0,15.2,20.4,44.3,31.5,21.3,43.0,33.3,17.5,27.6,18.6,56.0,53.2,13.1,23.1,15.7,69.3,26.1,20.8,13.7,14.8,54.5,67.4,57.2,23.3,9.2,24.4,11.2,32.6,12.6,35.3
2022-07-29,23.3,10.4,11.4,,10.3,49.3,34.0,19.9,31.4,34.8,21.0,22.3,27.3,19.1,53.9,18.1,10.6,25.0,17.4,15.2,20.4,46.2,31.5,21.6,43.0,33.3,17.5,27.8,18.6,55.6,53.0,13.1,23.5,15.8,69.1,26.1,20.8,13.7,14.8,53.8,67.6,57.3,23.3,9.1,24.4,11.2,32.6,12.4,35.0
2022-07-30,22.7,10.4,11.3,,10.3,49.8,34.0,19.9,31.9,35.0,21.2,22.3,27.5,19.3,53.9,18.1,10.6,24.8,17.6,15.2,20.4,47.6,31.5,21.7,43.0,33.3,17.5,27.8,18.6,55.0,52.5,13.1,22.7,15.7,68.2,26.1,20.7,13.7,14.8,53.4,67.5,57.3,23.3,8.9,24.4,11.2,32.6,12.9,35.5
2022-07-31,22.3,10.4,11.1,,10.3,50.1,34.0,19.9,31.9,35.2,21.6,22.3,28.0,19.2,53.8,18.1,10.6,24.8,16.9,15.2,20.5,49.2,31.5,21.9,43.0,33.3,17.5,27.8,18.8,55.7,52.1,13.0,22.3,15.7,68.2,26.0,20.7,13.7,14.8,53.4,67.5,57.2,23.3,8.8,24.4,11.2,32.0,13.4,35.1
2022-08-01,22.8,10.4,10.8,,10.3,50.0,34.0,19.8,31.9,35.1,22.0,22.3,27.5,19.4,53.5,17.6,10.6,24.8,16.6,15.2,20.1,49.8,31.6,22.0,42.9,33.4,17.2,27.9,19.2,55.1,52.4,13.0,22.8,15.6,67.9,25.9,20.6,13.7,14.7,54.3,66.9,57.4,23.0,8.9,24.4,11.2,32.1,13.2,35.0
2022-08-02,23.0,10.4,10.5,,10.3,50.3,34.0,19.8,31.6,35.1,22.4,22.3,27.9,19.3,54.0,17.6,10.6,24.8,16.3,15.2,20.1,50.3,31.6,22.1,42.9,33.5,17.2,27.8,19.4,54.2,52.1,13.0,23.5,15.8,67.5,26.1,20.6,13.7,14.7,54.3,66.8,57.2,23.0,8.9,24.4,11.2,32.1,13.0,34.9
2022-08-03,22.6,10.4,10.2,,10.3,50.4,34.0,19.8,31.2,35.2,22.5,22.3,27.6,19.2,54.2,17.6,10.6,24.9,16.0,15.2,20.1,51.9,31.6,22.4,42.9,33.5,17.2,28.0,19.2,54.0,52.2,13.0,22.6,15.8,67.7,26.2,20.6,13.7,14.7,54.5,66.6,57.2,23.0,8.9,24.3,11.2,31.6,12.6,35.2
2022-08-04,22.8,10.4,10.3,,10.3,50.5,34.0,19.8,31.6,35.3,22.8,22.3,27.6,19.0,54.5,17.2,10.6,24.9,15.8,15.2,21.0,52.1,31.6,22.2,42.9,33.5,17.1,28.0,19.3,53.3,52.1,13.0,22.2,15.8,67.4,26.1,20.6,13.7,14.7,54.5,66.8,57.2,23.0,8.8,24.3,11.2,32.1,12.6,35.2
2022-08-05,22.9,10.5,10.2,,10.3,50.8,33.6,19.9,32.2,35.8,22.9,22.3,28.0,19.0,54.6,17.1,10.6,25.0,16.0,15.2,21.0,52.4,31.5,21.9,43.0,33.7,17.1,28.2,19.5,52.3,52.2,13.0,22.3,15.8,67.1,26.1,21.0,13.7,14.6,54.3,66.9,57.1,23.0,8.7,24.3,11.2,32.3,12.7,34.8
2022-08-06,23.0,10.5,10.5,,10.3,51.1,33.6,19.9,32.3,36.4,23.3,22.3,27.5,19.2,54.4,17.1,10.6,24.9,16.0,15.1,21.0,53.3,31.5,21.8,43.0,33.9,17.1,28.4,19.4,51.8,51.8,13.0,21.5,15.9,66.8,26.1,21.0,13.7,14.6,54.6,66.8,57.1,23.0,8.8,24.3,11.2,32.3,12.5,34.5
2022-08-07,23.1,10.5,10.5,,10.3,51.3,33.6,19.9,33.1,36.0,23.6,22.3,27.1,18.9,54.3,17.1,10.6,24.9,16.3,15.1,20.9,54.2,31.6,21.6,43.0,31.1,17.1,28.5,19.2,51.4,51.7,13.0,21.2,15.8,67.1,26.0,20.9,13.7,14.6,54.9,66.8,57.0,23.1,8.9,24.3,11.2,32.3,12.2,34.9
2022-08-08,23.4,10.3,10.5,,10.3,51.7,33.6,19.9,33.3,36.3,23.9,22.3,27.2,19.0,54.4,17.1,10.6,25.0,15.1,15.1,21.0,54.7,31.5,21.1,43.0,31.2,17.1,28.5,19.5,51.8,51.6,13.0,22.2,15.9,67.2,26.1,21.0,13.7,14.6,54.6,66.8,57.1,23.4,9.1,24.3,11.2,32.3,12.4,35.5
2022-08-09,23.4,10.3,10.6,,10.3,51.7,33.6,19.9,33.8,36.9,24.1,22.3,26.8,18.9,54.0,17.1,10.6,24.9,15.0,15.1,21.0,55.2,31.5,20.8,43.0,31.2,17.1,28.5,19.5,52.0,51.9,13.0,22.8,15.8,66.4,26.1,21.0,13.7,14.6,54.8,66.6,57.1,23.4,9.1,24.3,11.2,32.3,12.2,35.6
2022-08-10,23.4,10.1,10.4,,10.3,52.3,33.6,19.9,33.8,36.8,24.4,22.3,26.9,18.9,54.1,17.1,10.7,24.9,14.3,15.1,21.0,56.1,31.5,20.7,43.0,31.9,17.1,28.6,19.2,52.2,51.3,13.0,22.9,15.7,66.7,26.1,21.0,13.7,14.6,55.1,66.5,60.1,23.4,9.3,28.9,11.2,32.3,12.2,35.9
2022-08-11,23.4,10.1,10.3,,10.3,51.7,33.4,19.9,33.7,37.2,24.6,22.3,27.4,19.0,54.1,17.1,10.7,25.1,14.2,15.1,21.2,56.6,31.5,20.9,42.9,32.1,17.0,28.7,18.9,52.4,50.8,13.0,23.0,15.7,67.0,26.2,21.0,13.7,14.9,54.3,66.4,60.1,23.4,9.3,28.9,11.2,32.2,12.6,35.7
2022-08-12,23.4,10.1,10.5,,10.3,51.8,33.4,19.9,34.0,37.6,24.8,22.3,27.9,18.8,54.1,17.1,10.7,25.3,13.6,15.1,21.1,57.4,31.5,20.3,42.9,32.1,17.0,28.7,17.3,52.6,50.5,13.0,22.4,15.4,67.1,26.4,21.0,13.7,14.6,54.1,66.2,60.1,23.4,9.4,29.0,11.2,32.4,12.4,36.3
2022-08-13,23.4,10.1,10.5,,10.3,51.7,33.4,19.9,33.9,37.1,25.2,22.3,28.2,18.9,53.8,17.1,10.7,25.1,13.8,15.1,21.1,57.7,31.5,20.4,43.0,32.1,17.0,29.0,17.4,53.4,51.1,13.0,22.3,15.4,67.5,26.4,21.0,13.7,14.6,53.8,66.0,60.1,23.4,9.4,29.0,11.2,32.4,12.1,36.8
2022-08-14,25.1,10.1,10.3,,10.3,52.1,33.4,19.8,34.1,36.8,25.6,22.3,28.8,18.8,53.9,17.1,10.7,25.2,13.7,15.1,21.1,58.5,31.1,19.9,43.0,32.1,17.0,29.1,17.6,54.0,51.1,13.0,21.9,15.4,67.4,26.4,21.0,13.7,14.6,53.5,66.0,60.1,25.1,9.4,29.0,11.2,32.4,12.6,37.2
2022-08-15,25.1,10.1,10.2,,10.3,52.5,33.4,19.8,34.9,36.4,25.9,22.3,29.7,18.7,54.0,17.1,10.7,25.2,13.9,15.1,21.1,59.6,31.0,20.0,43.0,32.1,17.0,29.1,17.9,55.0,51.9,13.0,22.3,15.2,67.7,26.4,21.0,13.7,14.6,53.6,66.1,60.1,25.1,9.3,29.0,11.2,32.4,12.6,37.0
2022-08-16,25.1,10.1,10.2,,10.3,52.8,33.4,19.9,35.0,36.3,26.2,22.3,30.6,18.7,54.0,17.1,10.7,25.2,14.0,15.1,21.1,61.1,31.0,19.3,43.0,32.1,17.0,29.2,17.9,55.7,52.2,12.9,22.6,15.4,67.2,26.4,21.0,13.7,14.6,52.8,66.2,60.2,25.1,9.0,28.9,11.2,32.4,12.9,36.9
