date,Africa (median),Algeria,Angola,Botswana,Burkina Faso,Burundi,Cabo Verde,Cameroon,Central African Republic,Chad,Comoros,Congo Republic,Cote d'Ivoire,DR Congo,Djibouti,Egypt,Eswatini,Ethiopia,Gambia,Ghana,Guinea,Guinea-Bissau,Kenya,Lesotho,Liberia,Libya,Madagascar,Malawi,Mali,Mauritania,Morocco,Mozambique,Namibia,Niger,Nigeria,Rwanda,Sao Tome and Principe,Senegal,Sierra Leone,Somalia,South Sudan,Sudan,Tanzania,Togo,Tunisia,Uganda,Zambia,Zimbabwe
2022-11-07,25.65,11.45,9.4,9.3,50.79,32.79,13.65,30.99,31.71,31.0,19.47,35.24,17.17,50.92,15.1,10.31,27.68,18.76,13.32,20.07,60.01,29.93,21.28,41.8,31.75,17.01,33.0,15.42,59.47,38.63,13.0,27.06,12.76,65.9,25.65,21.84,15.72,14.13,48.84,82.82,60.63,20.55,10.44,28.89,10.82,31.9,11.39,33.7
2022-11-08,25.67,11.45,9.63,9.3,50.28,32.79,13.65,31.48,31.55,31.05,19.47,35.61,17.43,50.93,15.1,10.29,27.63,19.06,13.32,20.07,60.87,29.93,20.83,41.73,31.75,16.98,33.13,15.55,59.62,38.1,13.0,27.14,12.8,66.42,25.67,21.81,15.72,14.13,48.28,82.8,60.63,20.55,10.53,28.89,10.82,32.01,10.93,34.69
2022-11-09,25.57,11.45,9.36,9.3,49.47,32.79,13.65,31.53,31.62,31.21,19.47,35.57,17.36,51.08,15.1,10.22,27.64,18.74,13.32,20.05,60.81,29.93,20.6,41.75,31.71,16.98,33.05,14.54,59.82,38.07,13.0,27.92,12.51,66.86,25.57,21.81,15.72,14.15,48.35,82.85,60.63,20.55,10.58,28.89,10.82,32.03,11.27,33.88
2022-11-10,25.57,11.45,9.26,9.3,49.43,32.79,13.65,31.66,31.93,31.22,19.47,35.53,17.56,51.2,15.1,10.22,27.57,18.55,13.32,20.05,60.8,29.93,19.78,41.75,31.7,16.98,33.23,14.6,59.82,37.69,12.97,27.24,12.52,67.44,25.57,21.81,15.72,14.15,48.34,82.98,60.63,20.55,10.56,28.89,10.82,32.03,11.36,33.52
2022-11-11,25.57,11.44,9.16,9.24,49.64,33.23,13.64,31.62,31.77,31.3,19.52,35.41,17.55,51.75,15.06,10.2,27.67,18.86,13.32,20.05,60.64,29.99,20.1,41.32,30.73,16.92,32.96,14.41,59.4,36.72,13.04,27.59,12.32,67.63,25.57,21.77,15.53,14.12,48.76,83.03,60.72,20.75,10.71,28.82,10.82,31.89,10.99,33.89
2022-11-12,25.64,11.44,8.91,9.24,49.76,33.23,13.64,31.66,31.36,31.41,19.52,35.35,17.53,51.25,15.06,10.2,27.7,18.86,13.32,20.05,60.43,29.99,20.06,41.32,30.73,16.92,32.88,14.7,59.36,36.65,13.04,28.36,12.35,67.78,25.64,21.77,15.52,14.12,48.41,82.93,60.72,20.75,10.74,28.82,10.82,32.29,10.84,34.37
2022-11-13,25.72,11.44,9.01,9.24,49.85,33.23,13.64,31.79,31.07,31.42,19.52,35.67,17.51,51.07,15.06,10.12,27.67,18.88,13.32,20.05,60.22,29.99,20.53,41.32,30.75,16.92,32.8,14.46,59.5,36.83,13.04,28.07,12.16,67.95,25.72,21.77,15.52,14.14,48.55,82.99,60.71,20.61,10.69,28.82,10.82,32.29,10.74,34.37
2022-11-14,25.7,11.44,8.74,9.24,49.78,33.23,13.63,31.54,31.46,31.66,19.52,35.42,17.38,51.22,15.06,10.14,27.67,18.89,13.32,20.05,60.3,29.99,20.59,41.32,30.79,16.92,32.74,14.33,59.24,36.94,13.04,28.4,12.1,68.39,25.7,21.77,15.52,14.12,49.08,83.66,60.58,20.61,10.75,28.82,10.82,32.44,11.51,34.13
2022-11-15,25.68,11.44,8.69,9.24,49.67,33.23,13.62,32.06,31.64,31.64,19.52,35.17,17.32,50.92,15.06,10.09,27.67,19.69,13.32,20.05,60.44,29.99,20.81,41.32,30.83,16.92,32.84,14.51,59.38,37.92,13.04,28.02,11.98,68.02,25.68,21.77,15.52,14.12,49.39,83.79,60.58,20.64,10.67,28.82,10.82,32.49,11.96,33.92
2022-11-16,25.65,11.44,8.73,9.23,49.29,33.24,13.63,31.15,31.94,31.77,19.46,34.75,17.03,50.85,15.07,10.09,29.15,18.74,13.36,20.1,59.98,30.02,20.87,41.72,30.83,16.88,32.84,14.47,59.12,37.5,13.03,27.49,12.05,68.41,25.65,21.77,15.52,14.12,49.7,83.91,60.59,20.61,10.66,28.65,10.82,32.47,12.17,33.95
2022-11-17,25.67,11.44,8.69,9.23,49.25,33.24,13.64,31.48,32.3,32.03,19.46,34.42,16.54,51.0,15.07,10.08,29.15,19.85,13.36,20.1,59.85,29.99,20.19,41.72,30.83,16.88,32.89,14.53,59.06,37.54,13.03,27.7,11.97,68.47,25.67,21.77,15.45,14.12,49.71,83.92,60.59,20.63,10.64,28.63,10.82,32.5,12.61,34.06
2022-11-18,25.7,11.44,8.75,9.23,48.67,33.22,13.64,32.07,32.21,32.36,19.46,34.46,16.5,50.83,14.98,10.09,29.15,20.28,13.36,20.11,60.24,29.92,20.13,41.72,30.83,16.88,32.98,14.34,59.19,36.75,13.03,27.49,12.19,68.75,25.7,21.77,15.45,14.12,50.2,84.0,60.66,20.63,10.57,28.57,10.82,32.5,12.69,34.07
2022-11-19,25.72,11.44,8.11,9.23,49.29,33.23,13.63,31.59,32.26,32.67,19.52,34.3,16.63,50.57,15.07,10.09,29.17,20.26,13.36,20.13,60.41,29.92,20.19,41.73,30.83,16.88,32.98,14.13,59.33,36.41,13.03,27.2,12.36,69.27,25.72,21.77,15.45,14.12,50.62,84.12,60.65,20.04,10.61,28.54,10.79,32.5,12.34,34.1
2022-11-20,25.66,11.44,8.12,9.23,48.99,33.2,13.63,31.67,32.66,32.88,19.52,33.27,16.54,50.22,15.07,10.08,29.24,21.2,13.36,20.21,60.84,29.92,19.88,41.72,30.83,16.88,32.99,14.71,58.86,35.86,13.03,27.31,12.18,69.8,25.66,21.77,15.42,14.12,51.03,84.14,59.9,20.63,10.59,28.53,10.79,32.51,12.58,34.57
2022-11-21,25.51,11.43,8.28,9.23,49.42,33.38,13.64,31.84,32.42,33.22,19.44,33.12,16.51,50.12,15.09,10.07,29.59,21.57,13.41,20.16,60.09,29.89,19.77,42.12,30.33,16.9,33.03,14.36,58.62,35.1,13.04,27.12,12.12,69.83,25.51,21.77,15.4,14.12,49.8,84.23,59.96,20.72,10.67,28.69,10.78,32.52,11.65,33.7
2022-11-22,25.27,11.43,8.14,9.23,49.56,33.38,13.6,32.14,31.89,33.46,19.44,33.21,16.54,50.16,15.09,10.1,29.65,21.56,13.35,20.16,59.83,29.89,19.83,42.17,30.33,17.07,32.84,14.9,57.85,35.13,13.05,25.27,12.08,70.51,25.53,21.77,15.37,14.12,49.12,84.35,59.96,20.72,10.79,28.66,10.77,32.52,11.88,33.67
2022-11-23,25.5,11.43,8.18,9.23,49.39,33.38,13.6,32.41,31.35,33.73,19.44,32.56,16.47,50.22,15.28,10.14,29.65,21.55,13.34,20.21,59.67,29.87,19.86,42.17,30.33,17.11,32.58,15.56,58.27,35.71,13.07,26.06,12.3,70.44,25.5,21.76,15.37,14.12,48.37,84.48,59.92,20.77,10.76,28.57,10.76,32.52,12.45,33.23
2022-11-24,25.53,11.43,8.29,9.23,49.12,33.37,13.59,32.7,31.49,34.0,19.44,31.89,16.51,50.17,15.29,10.25,29.65,21.58,13.34,20.21,60.16,29.84,19.76,42.17,30.33,17.11,32.54,16.57,58.39,36.06,13.07,26.19,12.37,69.98,25.53,21.75,15.34,14.12,47.96,84.36,59.93,20.8,10.73,28.52,10.76,32.53,12.58,32.87
2022-11-25,25.7,11.44,8.23,9.19,48.88,33.38,13.56,33.71,31.45,34.41,19.5,31.95,16.45,50.23,15.27,10.25,29.6,21.3,13.35,20.34,60.58,29.93,19.43,41.12,30.41,17.25,32.43,16.9,58.43,35.8,13.08,25.93,12.43,70.2,25.7,21.76,15.34,14.11,48.57,84.53,60.04,20.81,10.7,28.46,10.76,32.5,12.53,33.08
2022-11-26,25.02,11.44,8.19,9.19,49.51,33.38,13.52,33.77,31.37,34.74,19.5,31.68,16.66,50.31,15.07,10.25,29.6,20.38,13.35,20.34,60.12,29.93,19.29,41.11,30.41,17.28,32.37,17.01,58.03,35.58,13.08,25.02,12.17,70.29,25.63,21.78,15.34,14.11,48.11,84.47,60.8,20.82,10.56,28.41,10.76,32.51,12.65,32.46
2022-11-27,25.29,11.44,8.27,9.19,50.17,33.38,13.43,33.09,31.07,35.08,19.5,30.96,17.09,50.57,15.26,10.25,28.11,20.15,13.3,20.34,60.7,29.9,19.11,40.77,30.41,17.34,32.41,16.26,58.34,35.22,13.08,25.29,12.19,70.7,25.7,21.78,15.34,14.11,48.46,84.67,60.8,20.82,10.74,28.44,10.68,32.51,12.4,33.08
2022-11-28,24.4,11.44,8.34,9.19,49.82,33.4,13.4,33.06,30.66,35.29,19.5,29.85,16.97,50.39,15.07,10.28,28.06,19.54,13.28,20.21,60.89,29.93,18.7,40.77,30.39,17.35,32.37,16.68,57.66,34.31,13.08,24.4,12.21,70.69,25.75,21.75,15.34,14.1,48.2,84.53,58.87,19.71,10.67,28.44,10.68,32.52,12.19,33.59
2022-11-29,24.05,11.44,8.66,9.19,49.88,33.4,13.38,33.59,30.49,35.61,19.5,29.64,16.89,50.67,15.07,10.29,28.06,19.09,13.28,20.21,60.42,29.93,18.44,40.77,30.39,17.35,32.18,17.28,57.2,33.75,13.08,24.05,12.2,70.73,25.73,21.75,15.23,14.1,48.93,84.38,58.87,19.71,10.7,28.44,10.68,32.55,12.45,33.42
2022-11-30,23.94,11.44,8.39,9.19,49.86,33.4,13.38,34.39,30.57,36.04,19.5,29.79,17.0,50.58,15.07,10.29,28.05,18.54,13.28,20.21,60.4,29.93,17.9,40.77,30.34,17.35,32.2,17.76,57.14,33.42,13.08,23.94,12.18,70.95,25.83,21.75,15.23,14.1,48.25,83.56,58.87,19.71,10.8,28.44,10.63,32.54,12.44,33.27
2022-12-01,23.19,11.44,8.45,9.2,49.41,33.39,13.39,33.61,30.16,36.28,19.54,29.99,16.99,50.54,15.03,10.27,26.53,18.37,13.24,20.03,59.98,30.01,18.13,40.68,30.41,17.37,32.07,17.58,57.64,33.73,13.09,23.19,12.43,70.97,25.76,21.72,15.19,14.11,47.8,83.66,58.94,19.67,10.86,28.51,10.63,32.53,12.3,32.92
2022-12-02,23.76,11.44,8.47,9.2,49.34,33.39,13.39,34.13,30.74,36.25,19.54,29.99,16.87,50.69,15.03,10.27,26.53,18.57,13.24,20.03,59.55,30.01,18.59,40.68,30.41,17.37,32.12,17.67,57.28,33.69,13.09,23.76,11.99,70.51,25.74,21.72,15.19,14.11,48.34,83.65,58.94,19.67,10.76,28.51,10.63,32.53,11.97,32.78
2022-12-03,22.86,11.44,8.42,9.2,49.66,33.39,13.39,33.16,30.23,36.28,19.54,29.95,17.02,50.8,15.11,10.31,26.57,18.66,13.25,20.07,59.98,29.97,18.93,40.69,30.42,17.37,31.91,17.58,57.55,33.41,13.09,22.86,11.98,70.34,25.8,21.77,15.19,14.18,48.37,83.65,61.21,20.85,10.67,28.53,10.63,32.52,11.96,32.98
2022-12-04,23.34,11.44,8.34,9.2,49.95,33.37,13.38,33.81,29.62,36.41,19.54,29.0,17.23,50.81,15.11,10.32,26.6,18.54,13.15,20.07,59.84,29.95,18.94,40.71,30.4,17.39,31.86,17.4,57.66,32.93,13.09,23.34,11.73,70.66,25.82,21.77,15.19,14.19,48.82,84.36,61.39,20.87,10.56,28.53,10.62,32.53,11.59,33.08
2022-12-05,23.29,11.44,8.36,9.2,49.74,33.39,13.38,33.9,29.62,36.45,19.54,28.99,17.24,50.78,15.03,10.32,26.6,18.25,13.18,20.07,59.4,29.83,18.46,40.71,30.4,17.39,31.77,17.32,57.39,33.12,13.09,23.29,11.62,70.78,25.86,21.77,15.3,14.2,48.97,84.1,61.29,20.87,10.49,28.53,10.62,32.53,11.59,32.43
2022-12-06,23.53,11.44,8.19,9.18,49.69,33.38,13.29,33.55,29.55,36.83,19.72,28.89,17.12,50.73,15.07,10.35,26.67,19.13,13.17,20.08,58.8,29.92,18.29,40.15,30.52,17.33,31.79,17.31,57.03,32.75,13.13,23.53,11.41,70.37,25.87,21.82,15.3,14.21,49.32,84.0,61.37,20.85,10.55,28.55,10.63,32.54,11.23,32.25
2022-12-07,23.41,11.44,8.16,9.18,49.68,33.38,13.12,34.06,29.26,36.99,19.72,28.45,17.01,51.13,15.07,10.35,26.67,19.02,13.33,20.08,57.15,30.09,18.39,40.15,30.52,17.26,31.73,17.19,57.34,33.41,13.15,23.41,11.33,70.34,26.04,21.82,15.23,14.22,49.64,84.1,61.37,20.85,10.59,28.78,10.58,32.55,11.22,32.71
2022-12-08,24.05,11.44,8.17,9.18,50.18,33.38,13.12,33.02,28.85,37.41,19.72,28.61,16.7,50.92,15.07,10.34,26.66,19.18,13.35,20.59,56.19,30.03,18.81,40.15,30.52,17.39,31.7,17.15,57.88,33.49,13.15,24.05,11.25,69.91,26.12,21.83,15.23,14.23,49.22,84.11,61.25,20.85,10.41,28.58,10.58,32.55,11.32,33.19
2022-12-09,23.67,11.44,8.38,9.18,50.26,33.4,13.04,33.21,28.75,37.72,19.72,28.15,16.56,51.13,15.15,10.34,26.66,19.71,13.33,20.49,56.2,29.95,18.35,40.15,30.52,19.14,31.59,17.22,57.52,33.79,13.15,23.67,11.27,69.77,26.24,21.82,15.23,14.03,48.78,83.85,61.36,20.85,10.32,28.6,10.58,32.55,11.13,33.67
2022-12-10,22.82,11.44,8.32,9.18,50.84,33.4,13.04,33.23,28.66,38.06,19.72,28.2,16.51,51.17,15.15,10.34,26.66,19.59,13.33,20.49,57.14,29.94,18.25,40.15,30.52,19.14,31.39,17.15,56.93,33.13,13.15,22.82,11.27,69.57,26.24,21.82,15.14,14.01,48.67,83.95,61.44,20.85,10.28,28.62,10.58,32.57,10.86,33.86
2022-12-11,22.06,11.45,8.26,9.17,50.33,33.42,13.06,33.13,28.69,38.48,19.77,28.0,16.56,50.62,15.21,10.35,26.66,19.34,13.32,20.35,57.16,29.81,18.93,40.08,30.71,19.11,31.23,17.0,57.41,33.81,13.16,21.51,11.21,69.64,26.27,22.06,15.14,14.01,48.21,84.0,61.37,20.84,10.13,28.56,10.58,32.49,10.73,33.23
2022-12-12,21.82,11.45,8.35,9.17,50.16,33.42,13.06,34.28,28.66,38.67,19.77,27.5,16.86,49.91,15.21,10.35,26.65,19.28,13.32,20.5,57.23,29.77,19.74,40.08,30.71,19.11,31.05,16.12,57.46,33.62,13.16,20.69,11.24,69.13,26.35,21.82,15.14,13.97,48.67,83.95,61.37,20.86,10.07,28.56,10.59,32.49,10.49,33.53
2022-12-13,21.83,11.45,8.43,9.17,50.16,33.42,13.08,33.96,28.45,38.94,19.77,27.15,16.94,49.87,15.14,10.36,26.68,19.21,13.33,20.62,57.67,29.77,20.01,40.08,30.71,19.1,30.98,16.34,57.54,33.57,13.17,20.68,11.12,69.51,26.39,21.83,15.14,13.91,48.35,84.02,61.27,20.86,9.89,28.56,10.59,32.48,10.34,33.79
2022-12-14,21.82,11.45,8.35,9.17,50.19,33.42,13.38,34.0,28.08,39.24,19.77,27.63,17.01,49.86,15.14,10.36,26.73,19.13,13.33,20.62,57.43,29.79,20.01,40.08,30.71,19.1,30.87,16.43,57.58,33.44,13.14,20.05,11.39,69.61,26.46,21.82,15.21,13.91,47.91,84.0,61.18,20.84,9.91,28.56,10.59,32.45,9.83,33.56
2022-12-15,21.82,11.45,8.31,9.17,50.4,33.42,13.39,33.94,27.84,39.47,19.77,27.82,17.11,50.29,15.21,10.36,26.73,19.08,13.32,20.42,57.71,29.68,19.5,40.08,30.71,19.1,30.8,16.02,57.69,33.27,13.14,18.57,11.34,69.52,26.47,21.82,15.27,13.91,46.85,84.07,61.25,20.82,9.87,28.54,10.64,32.45,9.41,33.44
2022-12-16,21.82,11.45,8.34,9.17,50.64,33.42,13.42,34.0,27.73,39.57,19.77,28.82,17.15,50.02,15.14,10.36,26.74,19.59,13.33,20.62,57.77,29.69,19.04,40.07,30.66,19.1,30.81,16.33,57.51,33.1,13.14,19.22,11.07,68.7,26.5,21.82,15.45,13.91,46.89,84.13,61.18,20.81,9.8,28.54,10.63,32.45,9.11,33.2
2022-12-17,21.82,11.45,8.37,9.1,50.41,33.42,13.51,33.34,27.81,39.96,19.77,28.22,17.25,49.79,15.14,10.36,26.74,19.02,13.33,20.62,58.03,29.66,18.98,40.07,30.63,19.1,30.73,16.8,57.93,32.56,13.13,18.72,11.08,67.89,26.5,21.82,15.45,13.91,47.1,84.13,61.14,20.41,9.91,28.54,10.49,32.44,8.8,33.39
2022-12-18,21.82,11.45,8.6,9.1,50.42,34.43,13.51,32.15,28.06,40.19,19.77,28.56,17.12,50.12,15.14,10.36,26.73,18.61,13.33,20.62,57.98,29.67,17.7,40.07,30.63,19.1,30.68,16.52,57.87,32.63,13.13,19.72,11.12,67.29,26.48,21.82,15.45,13.91,46.76,84.25,60.68,20.36,9.83,28.52,10.49,32.44,8.65,33.38
2022-12-19,21.82,11.45,9.06,9.1,50.17,34.43,13.52,32.17,27.85,40.71,19.77,28.56,17.06,49.93,15.21,10.36,26.74,18.36,13.33,20.5,57.56,29.77,17.44,40.07,30.63,19.1,30.74,16.26,57.84,33.28,13.12,19.73,11.35,67.16,26.56,21.82,15.45,13.91,46.41,84.54,60.8,20.36,9.75,28.66,10.47,32.44,8.72,32.82
2022-12-20,21.82,11.56,8.97,9.1,50.27,34.4,13.53,32.1,27.65,41.03,19.77,29.16,17.13,49.99,15.11,10.36,26.69,17.96,13.29,20.5,57.32,29.8,18.6,40.08,30.63,19.11,30.69,15.81,57.82,33.25,13.11,18.38,11.4,66.37,26.58,21.82,15.45,13.96,46.15,84.48,60.69,20.39,9.79,29.14,10.24,32.43,8.14,32.14
2022-12-21,21.81,11.56,8.88,9.01,49.56,34.43,13.63,31.85,27.77,41.3,20.1,29.27,17.19,49.77,15.07,10.38,26.78,17.95,13.3,20.68,57.41,29.75,18.88,40.03,30.64,18.87,30.61,16.03,57.96,33.25,13.13,18.26,11.25,66.29,26.56,21.81,15.5,18.21,46.59,84.63,60.34,20.41,9.77,29.2,10.23,32.4,8.32,32.4
2022-12-22,21.8,11.56,8.84,9.01,49.39,34.44,13.62,31.6,28.11,41.56,20.1,29.35,17.08,49.87,15.28,10.38,26.77,17.88,13.3,20.57,57.9,29.74,18.52,40.03,30.64,19.0,30.6,15.6,58.97,33.28,13.12,18.28,11.26,66.26,26.56,21.8,15.5,18.17,46.83,84.68,60.46,19.85,9.68,29.24,10.17,32.35,8.1,32.15
2022-12-23,21.8,11.56,8.63,9.01,49.73,34.44,13.72,31.92,28.02,41.9,20.1,29.52,16.97,50.12,15.28,10.39,26.76,17.82,13.3,20.64,57.54,29.79,19.01,40.02,30.64,18.96,30.36,15.65,58.41,32.79,13.12,19.34,11.38,65.83,26.58,21.8,15.49,18.17,47.45,84.67,60.46,20.41,9.62,29.32,10.17,32.34,7.78,32.28
2022-12-24,21.8,11.56,9.15,9.01,49.8,34.44,13.73,31.42,28.12,42.2,20.1,30.36,17.07,49.96,15.07,10.39,26.78,17.78,13.3,20.68,57.93,29.79,18.4,40.02,30.64,18.96,30.26,15.01,58.26,32.59,13.12,19.21,11.31,65.9,26.54,21.8,15.5,18.18,47.36,84.68,59.71,20.41,9.46,29.32,10.17,32.33,7.65,32.41
2022-12-25,21.8,11.56,9.29,9.01,50.1,34.44,13.73,30.13,28.11,42.64,20.1,30.24,17.12,49.91,15.28,10.39,26.75,18.03,13.3,20.47,58.15,29.8,18.79,40.01,30.64,18.96,30.28,14.45,57.85,32.7,13.1,20.42,11.47,65.87,26.52,21.8,15.5,18.07,46.73,84.73,59.81,20.45,9.37,29.35,10.18,32.34,7.57,32.1
2022-12-26,21.8,11.56,9.19,9.01,50.27,34.44,13.73,30.07,27.8,42.75,20.1,30.09,17.14,49.78,15.07,10.39,26.77,17.94,13.3,20.68,58.53,29.8,18.42,40.01,30.64,18.97,30.31,14.14,57.48,31.95,13.04,20.59,11.41,65.81,26.54,21.8,15.5,18.07,46.58,84.58,59.71,20.45,9.33,29.36,10.4,32.34,7.45,32.47
2022-12-27,21.8,11.56,9.03,9.01,50.42,34.44,13.72,30.36,28.38,42.99,20.1,31.07,17.21,49.91,15.28,10.44,26.77,18.45,13.31,20.67,58.12,29.83,18.42,39.95,30.64,18.97,30.16,14.3,57.78,32.21,13.02,20.37,11.02,65.71,26.58,21.8,15.5,18.7,45.63,84.57,59.81,20.45,9.3,29.5,10.42,32.38,7.56,31.9
2022-12-28,21.76,11.56,9.16,9.01,50.27,34.44,13.72,30.76,28.1,43.2,20.1,31.69,17.17,50.13,15.07,10.44,26.75,19.3,13.31,20.68,57.76,29.8,18.48,39.94,30.64,18.98,30.07,14.09,58.42,32.91,13.03,21.56,10.85,65.42,26.52,21.76,15.5,18.7,45.68,84.64,59.71,20.45,9.18,29.5,10.42,32.39,7.39,31.51
2022-12-29,21.97,11.56,9.26,9.01,50.27,34.44,13.87,30.71,28.1,43.39,20.5,31.78,17.22,49.95,15.07,10.46,26.75,19.83,13.35,20.68,58.11,29.74,18.76,39.15,30.64,18.99,30.07,13.32,58.92,33.0,12.87,21.97,10.72,65.4,26.58,21.76,15.53,17.95,45.47,84.86,59.71,20.45,9.27,29.44,10.43,34.71,6.84,31.24
2022-12-30,21.76,11.56,9.91,9.01,49.99,34.44,14.27,30.68,27.71,43.54,20.5,32.11,17.2,50.18,15.07,10.46,26.75,20.51,13.35,20.68,57.8,29.66,18.52,39.15,30.64,19.09,30.07,12.7,59.08,33.22,12.87,21.56,10.82,65.82,26.69,21.76,15.53,17.96,45.84,84.25,59.97,20.38,8.9,29.44,10.44,34.7,6.6,30.94
2022-12-31,22.36,11.56,10.89,9.03,50.47,34.45,14.42,30.81,28.13,43.86,21.12,32.1,17.15,49.89,15.1,10.47,26.67,20.56,13.35,20.63,57.96,29.65,18.02,39.06,30.72,19.21,29.9,12.36,58.26,32.82,12.88,22.36,10.81,66.25,26.79,21.77,15.69,17.98,45.75,84.36,59.3,20.38,8.73,29.46,10.45,34.74,6.45,30.94
2023-01-01,21.79,11.55,10.67,9.0,50.08,34.45,14.43,30.18,27.67,44.05,21.12,32.2,17.03,49.79,15.02,10.48,26.77,20.44,21.56,20.27,57.59,29.51,17.37,38.57,30.63,19.2,29.58,12.38,58.4,33.37,12.83,21.62,10.95,66.04,26.83,21.79,15.75,17.99,45.6,84.55,59.27,20.42,8.75,29.27,10.46,34.75,6.15,30.78
2023-01-02,21.79,11.55,10.84,9.0,50.11,34.45,14.52,30.31,27.79,44.26,21.12,32.74,16.92,49.75,15.02,10.48,26.77,20.25,21.56,20.27,56.98,29.51,16.47,38.57,30.63,19.22,29.68,12.34,58.46,33.47,12.69,21.63,10.99,65.4,26.77,21.79,15.82,17.99,45.54,84.58,59.27,20.37,8.74,29.34,10.46,34.75,5.84,30.52
2023-01-03,21.79,11.55,10.81,9.0,50.35,34.45,14.52,31.01,27.96,44.47,21.12,32.78,17.0,49.64,15.02,10.48,26.74,20.26,21.56,20.27,56.67,29.55,16.07,38.46,30.63,19.22,29.71,12.24,58.07,35.44,12.36,21.52,11.24,65.76,26.77,21.79,15.83,17.99,44.84,84.71,59.27,20.37,8.63,29.57,10.48,34.75,5.83,29.54
2023-01-04,21.81,11.55,10.86,9.0,50.58,34.45,14.53,31.25,27.91,44.64,21.12,33.05,17.1,49.69,15.02,10.48,26.73,20.7,21.56,20.26,56.11,30.17,16.12,38.37,30.62,19.21,29.63,11.96,58.28,36.32,12.34,21.39,11.22,65.83,26.77,21.81,15.83,18.01,44.54,84.65,59.27,20.34,8.75,30.0,10.5,34.75,5.6,29.66
2023-01-05,21.8,11.56,11.0,9.01,50.43,34.48,14.57,31.58,28.0,44.79,21.12,32.78,17.0,49.52,15.06,10.61,26.32,20.78,21.56,20.2,56.06,30.07,16.0,38.26,30.67,19.4,29.7,11.8,58.42,36.79,12.22,21.58,11.31,66.04,26.69,21.8,15.9,18.46,43.96,84.67,59.08,20.36,8.73,30.61,10.5,34.74,5.59,29.7
2023-01-06,22.22,11.56,10.81,9.01,50.31,34.48,14.57,31.64,27.82,45.09,21.12,32.62,16.7,49.18,15.06,10.61,26.29,20.9,21.56,20.2,56.49,30.09,16.43,38.27,30.67,19.6,29.61,11.75,58.17,33.41,12.22,22.22,11.1,66.28,26.58,21.8,15.9,18.51,43.71,84.53,59.76,20.36,8.64,30.63,10.5,34.74,5.44,27.47
2023-01-07,21.8,11.56,10.78,9.01,50.34,34.48,14.57,32.47,28.04,45.3,21.12,31.99,16.65,49.01,15.06,10.61,26.3,20.67,21.56,20.12,56.29,30.19,16.38,38.29,30.67,19.61,29.59,12.03,58.15,33.83,12.23,21.67,11.02,66.35,26.58,21.8,15.9,19.24,45.06,84.57,59.21,20.35,8.62,30.63,10.53,34.74,5.41,27.22
2023-01-08,21.8,11.56,10.71,9.01,50.39,34.48,14.57,31.88,28.12,45.23,21.12,32.37,16.67,48.51,15.06,10.61,26.32,20.27,21.56,20.12,55.64,30.23,16.25,38.29,30.67,19.61,29.6,11.66,57.55,33.0,12.23,21.72,10.9,66.54,26.59,21.8,15.9,19.55,46.04,84.59,59.21,20.35,8.67,30.68,10.53,34.74,5.07,25.95
2023-01-09,21.8,11.55,10.69,9.01,49.79,34.48,14.57,31.7,28.61,45.48,21.12,32.18,16.41,48.43,15.06,10.62,26.03,20.15,21.56,20.12,55.42,30.23,16.9,38.25,30.67,19.6,29.6,11.65,58.28,33.36,12.46,21.35,10.77,66.33,26.56,21.8,15.9,19.63,46.25,84.5,59.21,20.35,8.63,30.68,10.52,34.74,5.26,25.25
2023-01-10,21.8,11.55,10.63,9.01,49.96,34.47,14.57,31.41,29.24,45.52,21.12,33.01,16.39,48.72,15.06,10.62,26.01,20.28,21.56,20.12,55.32,30.26,17.2,38.21,30.67,19.61,29.38,11.7,57.89,32.76,12.52,21.47,11.25,66.51,26.56,21.8,15.9,19.67,46.36,84.34,59.1,20.3,8.7,30.68,10.57,34.75,5.05,24.75
2023-01-11,21.81,11.55,10.48,8.97,50.14,34.49,14.61,30.68,29.47,45.64,21.12,33.51,16.5,49.15,15.31,10.63,25.9,20.29,21.56,20.19,55.03,30.35,16.57,38.26,30.55,19.59,29.4,12.05,58.77,32.76,12.54,21.67,11.27,66.42,26.48,21.81,15.9,19.84,45.91,84.24,58.9,20.37,8.71,30.6,10.57,34.74,5.07,24.01
2023-01-12,21.82,11.55,10.2,8.97,50.42,34.49,14.61,30.83,29.27,45.83,21.12,33.87,16.38,48.66,15.31,10.63,25.89,20.38,21.56,20.19,55.11,30.37,16.41,38.26,30.55,19.59,29.1,12.75,58.65,33.67,12.55,21.11,11.16,66.79,26.47,21.82,15.9,19.99,46.09,84.17,58.9,20.37,8.69,30.54,10.56,34.76,5.23,22.77
2023-01-13,21.77,11.55,10.4,8.97,50.79,34.49,14.61,31.17,29.72,45.94,21.12,33.68,16.33,48.75,15.31,10.63,26.03,20.12,21.56,20.19,55.04,30.39,15.86,38.55,30.55,19.6,29.15,12.92,58.36,34.05,12.55,20.75,10.89,67.41,26.45,21.82,15.9,19.99,46.16,84.02,58.9,20.4,8.59,30.54,10.56,34.75,5.11,21.77
2023-01-14,21.82,11.55,10.54,8.96,51.13,34.49,14.61,31.67,29.92,46.34,21.12,33.62,16.24,48.61,15.31,10.63,26.03,19.65,21.55,20.19,54.84,30.39,16.48,38.56,30.55,19.6,29.1,13.03,58.32,32.91,12.56,21.44,10.98,67.2,26.56,21.82,15.9,19.99,46.89,84.04,58.84,20.4,8.74,30.54,10.56,34.75,5.6,22.83
2023-01-15,21.82,11.55,10.46,8.96,51.32,34.49,14.61,31.87,29.69,46.78,21.12,33.09,16.09,48.32,15.31,10.62,25.88,19.01,21.55,20.19,54.56,30.42,16.24,38.54,30.55,19.6,29.06,13.2,58.65,32.37,12.57,20.67,10.76,67.13,26.73,21.82,15.9,19.98,46.87,83.75,58.74,20.4,8.84,30.54,10.56,34.75,5.57,24.01
2023-01-16,21.82,11.54,10.64,8.96,51.49,34.49,14.61,32.09,29.78,47.08,21.12,33.68,16.03,48.54,15.31,10.62,25.54,19.63,21.55,20.19,54.03,30.43,16.93,38.48,30.55,19.6,29.12,13.19,58.31,32.37,12.6,20.86,11.04,66.97,26.68,21.82,15.9,19.98,47.03,83.57,58.75,20.4,8.71,30.54,10.56,34.75,6.01,22.96
2023-01-17,21.81,11.55,10.84,8.96,51.61,34.5,14.87,32.88,29.59,47.65,21.16,32.93,16.1,48.31,15.3,10.63,25.43,18.86,21.55,20.14,53.03,30.45,18.19,38.45,31.22,19.62,29.08,13.47,58.27,32.3,12.64,20.71,10.99,67.28,26.76,21.81,15.86,19.87,46.2,83.54,57.09,20.4,8.77,30.89,10.55,34.84,6.03,23.4
2023-01-18,21.81,11.55,11.12,8.96,51.71,34.5,14.87,33.34,29.58,47.84,21.16,32.66,15.9,48.47,15.31,10.63,25.64,19.14,21.55,20.14,52.73,30.43,17.42,38.43,31.22,19.62,28.99,13.66,58.19,31.99,12.64,21.02,10.91,67.47,26.89,21.81,15.86,19.86,46.2,83.38,57.09,20.4,8.68,30.89,10.55,34.84,6.2,24.15
2023-01-19,21.81,11.55,11.25,8.96,51.08,34.5,14.87,33.53,29.66,48.11,21.16,32.19,16.02,48.28,15.31,10.63,25.77,19.29,21.58,20.08,52.77,30.43,16.71,38.49,31.22,19.61,28.94,13.87,58.78,32.57,12.63,20.77,10.66,67.63,26.89,21.81,15.86,19.86,46.13,83.11,57.09,20.4,8.59,30.89,10.55,34.84,6.36,23.91
2023-01-20,21.81,11.55,11.09,8.96,51.76,34.5,14.87,33.74,29.99,48.34,21.16,32.28,16.0,48.56,15.31,10.63,25.76,19.28,21.6,20.08,52.76,30.43,16.63,38.46,31.22,19.97,29.35,13.74,59.08,32.8,12.63,20.31,10.82,67.84,26.96,21.81,15.86,19.86,45.87,83.13,57.09,20.42,8.57,30.88,10.55,34.84,6.25,23.77
2023-01-21,21.78,11.55,11.13,8.95,51.57,34.4,14.91,33.24,30.08,48.46,21.19,32.86,16.15,48.61,15.55,10.62,25.71,19.29,21.65,20.12,52.38,30.74,16.43,38.6,31.35,21.32,29.11,15.15,59.37,32.91,12.49,20.34,10.86,68.14,26.98,21.78,15.86,19.83,45.85,82.82,57.04,20.45,8.46,30.86,10.55,34.85,6.22,22.96
2023-01-22,21.77,11.55,11.4,8.95,51.57,34.4,14.91,33.67,30.06,48.53,21.19,32.95,16.18,48.37,15.55,10.62,26.01,19.31,21.65,20.12,53.15,30.74,15.98,38.99,31.35,21.38,28.96,15.92,60.12,33.4,12.49,19.86,10.61,68.55,27.01,21.77,15.86,19.83,45.24,82.82,56.88,20.45,8.5,30.86,10.57,34.85,6.34,22.38
2023-01-23,21.79,11.55,11.71,8.95,51.9,34.4,14.91,33.91,30.25,48.59,21.19,32.57,16.12,47.99,15.55,10.62,26.13,19.14,21.65,20.12,52.76,30.69,16.27,39.18,31.35,21.78,28.97,16.54,60.74,33.33,12.49,19.47,10.67,68.71,27.02,21.79,15.86,19.84,44.97,82.8,56.88,20.45,8.52,30.86,10.57,34.85,6.43,22.01
2023-01-24,21.96,11.55,11.65,8.96,52.0,34.62,14.99,34.43,29.99,48.59,21.19,32.73,16.15,47.55,15.42,10.62,26.05,18.25,21.66,20.13,52.33,30.64,16.23,38.72,31.42,21.96,28.91,17.69,61.38,32.65,12.5,19.15,10.61,68.29,27.06,21.82,15.86,19.85,45.33,82.79,57.04,20.45,8.44,30.97,11.12,34.96,6.44,22.59
2023-01-25,21.96,11.48,11.67,8.96,52.01,34.62,14.99,35.26,30.13,48.54,21.19,32.23,16.08,47.43,15.42,10.62,26.06,19.14,21.66,20.13,51.91,30.64,16.16,37.85,31.42,21.96,28.96,19.28,61.61,31.73,12.51,19.24,10.76,68.51,27.16,21.82,15.86,19.85,45.82,82.89,57.04,20.45,8.47,30.97,11.3,34.96,6.69,22.45
2023-01-26,22.125,11.48,11.6,8.96,51.76,34.62,14.99,34.59,29.43,48.7,21.19,31.81,15.78,47.44,15.42,10.62,26.06,19.06,21.66,20.11,52.09,30.64,16.38,37.85,31.42,21.96,28.91,19.26,61.51,31.33,13.41,18.97,10.99,68.62,27.21,21.82,15.86,19.87,46.05,82.89,57.04,20.45,8.35,30.97,11.33,34.96,6.88,22.29
2023-01-27,22.55,11.49,12.02,8.96,53.05,34.62,14.99,34.03,29.63,48.8,21.19,32.16,15.94,46.98,15.64,10.62,27.6,18.77,21.66,21.23,52.59,30.65,16.18,37.85,31.42,21.96,29.03,20.67,61.18,31.22,13.41,18.27,10.98,68.87,27.24,21.82,15.86,19.88,46.26,82.99,57.15,20.46,8.19,30.97,11.34,34.96,7.44,23.14
2023-01-28,22.62,11.48,11.7,8.96,52.55,34.62,14.99,35.55,29.56,49.21,21.19,31.95,15.84,46.83,15.64,10.62,27.57,18.28,21.66,21.23,52.09,30.66,16.08,37.74,31.42,21.96,28.93,21.07,61.63,30.66,13.53,18.03,10.6,68.68,27.28,21.82,15.86,19.88,46.89,83.08,57.14,20.46,8.2,30.97,11.34,34.96,7.83,23.28
2023-01-29,23.15,11.48,11.64,8.96,52.29,34.62,14.99,36.07,29.71,49.48,21.19,32.33,15.99,46.76,15.42,10.62,27.56,17.43,21.63,21.2,52.27,30.65,15.37,37.74,31.42,21.97,28.84,22.6,61.51,30.14,13.58,17.94,10.65,68.34,27.22,21.82,15.86,19.89,47.69,83.75,57.24,20.45,8.13,30.97,11.42,34.96,7.78,23.7
2023-01-30,23.52,11.47,11.59,8.96,51.76,34.62,14.96,36.65,29.77,49.71,21.19,32.7,15.95,46.56,15.42,10.62,27.61,17.89,21.47,20.65,51.73,30.65,16.15,37.75,31.42,22.03,28.92,23.43,62.32,30.26,13.58,17.69,10.44,68.8,27.28,21.82,15.78,19.89,48.87,83.79,57.27,20.42,8.18,30.97,11.43,34.96,8.16,23.61
2023-01-31,23.825000000000003,11.47,11.47,8.96,52.23,34.62,14.98,37.92,29.69,49.86,21.19,32.39,15.99,46.35,15.42,10.62,27.85,17.71,21.46,21.22,50.93,30.65,16.05,37.84,31.42,22.1,28.87,23.96,62.84,30.18,13.6,17.26,10.52,68.91,27.25,21.81,15.78,19.89,48.81,83.7,57.27,20.54,8.09,30.97,11.43,34.96,8.24,23.69
2023-02-01,23.985,11.48,11.43,8.94,52.25,34.45,14.95,38.34,29.5,50.06,21.19,32.84,15.87,46.53,15.81,10.62,26.82,17.75,21.66,22.13,51.16,31.04,16.53,37.98,31.43,22.1,28.96,24.67,63.26,30.06,13.62,17.9,10.38,69.25,27.29,21.77,15.78,19.85,48.97,83.68,57.03,20.56,8.19,30.81,11.44,34.44,8.33,24.16
2023-02-02,24.325,11.48,11.34,8.94,51.66,34.45,14.95,37.19,29.67,50.23,21.19,32.83,15.59,46.59,15.81,10.62,26.82,17.74,21.72,22.13,51.4,31.09,16.58,37.99,31.43,22.1,28.95,25.41,63.48,31.4,13.62,18.48,10.51,69.27,27.43,21.77,15.78,19.85,49.22,83.76,57.03,20.71,8.2,30.81,11.44,34.44,8.64,24.61
2023-02-03,24.04,11.48,11.19,8.94,51.66,34.45,14.95,37.08,30.0,50.38,21.19,31.98,15.7,46.21,15.67,10.62,26.83,16.65,21.75,21.77,51.72,31.08,16.75,38.0,31.52,22.1,29.06,25.78,63.14,31.37,13.62,18.49,10.6,69.07,27.48,21.77,15.78,19.85,49.29,84.05,56.97,20.74,8.17,30.81,11.44,34.44,8.87,24.53
2023-02-04,24.04,11.48,11.17,8.94,51.55,34.43,14.95,37.47,30.15,50.53,21.19,31.96,15.82,45.93,15.67,10.62,26.83,16.7,21.75,21.77,51.97,31.08,17.24,38.1,32.12,22.1,29.04,25.99,63.05,31.41,13.62,18.17,10.72,69.33,27.57,21.77,15.78,19.85,49.19,84.09,57.02,20.74,8.27,30.81,11.45,34.44,8.96,24.34
2023-02-05,24.04,11.48,11.35,8.94,51.66,34.45,14.95,37.56,30.29,50.95,21.19,32.9,15.95,45.89,15.81,10.62,26.83,16.13,21.75,22.05,52.2,31.09,16.7,38.19,32.12,22.1,29.07,26.93,63.46,31.15,13.62,17.8,10.8,69.91,27.64,21.74,15.78,19.85,48.9,84.01,57.05,20.74,8.42,30.81,11.45,34.45,9.33,24.84
2023-02-06,24.595,11.48,11.44,8.94,51.68,34.45,14.95,37.6,30.53,51.12,21.19,33.14,15.95,45.9,15.81,10.62,27.1,15.85,21.75,22.25,52.93,31.04,17.05,38.32,32.12,22.1,29.01,27.75,62.82,31.16,13.62,18.25,10.99,70.57,27.64,21.77,15.78,19.83,49.03,83.82,56.99,20.73,8.34,30.81,11.45,34.45,9.63,25.15
2023-02-07,24.475,11.48,11.56,8.94,52.22,34.45,14.95,37.83,31.3,51.13,21.19,33.18,16.04,45.91,15.81,10.62,27.07,16.0,21.76,22.1,52.32,31.04,17.47,38.32,32.12,21.98,29.0,28.54,63.56,30.76,13.62,18.5,10.57,70.45,27.72,21.76,15.78,19.79,49.33,84.1,56.99,20.65,8.42,30.81,11.46,34.45,9.95,24.91
2023-02-08,24.755,11.47,11.55,8.94,52.6,34.45,14.95,37.47,31.27,51.22,21.19,33.76,16.13,46.04,15.67,10.62,27.07,16.01,21.75,22.7,52.09,31.04,16.82,38.32,32.12,21.98,29.06,29.94,63.27,31.01,13.62,18.47,10.56,70.49,27.68,21.77,15.78,19.79,49.75,84.14,56.99,20.65,8.37,30.81,11.46,34.45,10.11,25.52
2023-02-09,24.924999999999997,11.47,11.61,8.94,52.41,34.45,14.95,38.05,31.03,51.42,21.19,33.42,16.12,46.01,15.67,10.62,27.07,16.71,21.75,22.85,51.85,31.04,16.23,38.32,32.11,21.98,29.21,31.5,63.65,30.59,13.62,17.81,10.65,70.58,27.89,21.77,15.78,19.79,49.95,84.21,56.99,20.65,8.33,30.81,11.46,34.45,10.01,25.86
2023-02-10,24.825,11.48,11.35,8.96,52.61,34.53,14.98,38.34,31.27,51.55,21.19,34.05,15.79,45.79,15.79,10.63,28.21,16.79,21.83,22.81,51.64,31.25,16.4,38.29,32.08,21.95,29.33,32.64,63.18,30.63,13.62,17.22,10.74,71.23,27.96,21.96,15.78,19.77,50.37,84.06,56.95,20.64,8.35,30.85,11.46,34.48,10.08,25.66
2023-02-11,25.509999999999998,11.49,11.27,9.01,53.1,34.5,15.05,37.6,31.12,51.66,21.22,33.9,15.71,45.82,15.32,10.76,27.69,16.74,21.85,22.81,51.61,31.34,16.84,38.36,32.15,21.97,29.46,33.49,63.28,30.63,13.61,17.11,10.74,72.24,28.04,21.83,15.78,19.78,50.52,83.99,57.05,20.64,8.4,30.53,11.46,34.43,10.47,26.68
2023-02-12,25.4,11.49,11.32,9.01,52.89,34.5,15.05,37.91,30.83,51.7,21.22,33.6,15.59,45.76,15.32,10.76,27.69,16.91,21.85,22.74,52.01,31.34,17.07,38.36,32.17,22.79,29.53,34.27,63.74,30.55,13.61,17.24,10.47,72.95,28.11,21.83,15.78,19.78,50.58,84.04,57.76,20.64,8.36,30.53,11.46,34.42,10.64,26.46
2023-02-13,25.35,11.49,11.55,9.01,52.84,34.5,15.05,37.79,30.74,51.91,21.22,33.81,15.49,45.64,15.13,10.76,27.69,17.12,21.85,22.33,51.82,31.39,17.76,38.36,32.15,22.79,29.29,35.38,63.71,30.31,13.61,16.18,10.48,73.07,28.06,21.83,15.78,19.78,51.0,83.98,57.76,20.63,8.35,30.53,11.46,34.42,10.58,26.36
2023-02-14,25.105,11.45,11.64,9.15,52.3,34.58,15.23,37.82,31.03,51.94,21.21,33.34,15.28,45.8,16.5,10.71,27.81,17.13,21.8,22.41,51.69,30.89,18.01,37.99,32.03,22.94,29.35,35.39,63.35,30.06,13.62,16.53,10.65,73.12,27.94,22.06,15.91,19.78,51.12,84.02,57.84,20.54,8.32,30.53,11.5,34.31,10.91,26.32
2023-02-15,25.435,11.45,11.92,9.15,52.59,34.58,14.81,38.06,30.74,51.95,21.21,33.1,14.79,45.73,16.61,10.71,27.81,16.26,21.8,22.99,51.59,30.8,17.65,37.99,32.06,22.93,29.38,36.43,63.37,30.18,13.62,16.68,10.74,73.31,28.06,22.06,16.03,19.9,51.06,84.08,57.96,20.53,8.5,30.53,11.5,34.31,10.46,27.33
2023-02-16,25.06,11.45,11.73,9.14,52.82,34.56,14.83,37.89,30.95,52.05,21.21,33.16,14.93,45.83,16.47,10.7,27.81,17.69,21.94,22.95,51.89,30.97,17.44,37.99,32.13,22.93,29.39,37.18,63.18,30.05,13.62,16.55,10.83,73.1,28.1,22.29,16.03,19.9,52.09,84.18,57.84,20.51,8.58,30.55,11.5,34.32,10.53,26.58
2023-02-17,25.189999999999998,11.45,11.59,9.16,52.65,34.56,14.83,37.86,30.81,51.97,21.21,33.22,14.87,45.84,16.51,10.7,27.81,17.15,22.11,22.89,51.88,30.94,18.01,38.0,32.16,22.93,29.36,37.73,64.02,29.83,13.62,16.8,10.67,72.92,27.9,22.31,16.03,19.91,53.24,84.09,56.62,20.52,8.63,30.55,11.5,34.32,10.55,26.84
2023-02-18,24.95,11.45,11.42,9.16,53.74,34.56,14.83,38.32,30.83,52.02,21.21,33.57,14.66,45.82,16.51,10.71,27.86,17.27,21.94,22.94,51.92,30.94,18.63,38.0,32.16,22.93,29.27,38.51,63.68,29.83,13.62,17.56,10.67,72.96,28.74,22.29,16.03,19.91,53.28,84.0,61.48,20.52,8.66,30.46,11.5,34.32,10.77,26.36
2023-02-19,25.095,11.45,11.41,9.16,53.89,34.56,14.83,38.21,30.23,52.07,21.21,34.12,14.63,45.8,16.47,10.71,27.86,17.48,21.94,23.54,51.97,30.97,18.38,37.99,32.18,22.93,29.28,39.36,63.42,30.15,13.62,17.76,10.71,72.88,29.04,22.28,16.03,19.91,54.11,83.89,61.44,20.51,8.54,30.46,11.5,34.32,11.0,26.65
2023-02-20,25.25,11.45,11.49,9.16,54.77,34.56,14.83,39.03,30.16,52.0,21.21,33.32,14.48,45.64,16.47,10.71,27.86,17.89,21.94,23.7,51.59,30.97,18.65,37.99,32.18,22.93,29.08,39.85,63.03,30.06,13.62,17.87,10.74,72.9,29.2,22.28,16.03,19.91,54.14,83.74,61.44,20.52,8.47,30.46,11.5,34.32,11.28,26.8
2023-02-21,26.564999999999998,9.8,11.5,9.7,54.78,42.74,14.13,39.18,33.42,52.05,22.59,33.65,14.37,45.32,17.03,10.44,34.25,17.86,26.48,27.4,51.65,37.65,18.66,44.97,39.84,19.98,29.3,39.79,63.01,30.4,11.31,17.69,10.6,73.39,30.31,24.9,16.35,21.38,54.58,83.76,64.15,22.18,8.45,33.43,9.79,34.63,11.2,26.65
2023-02-22,26.665,11.45,11.4,9.16,54.5,34.59,14.83,39.81,30.0,52.13,21.21,32.43,14.35,45.09,16.47,10.71,27.87,18.02,21.9,26.86,52.26,30.94,19.12,37.98,32.18,22.93,29.12,39.72,62.63,30.76,13.62,17.76,10.43,73.1,29.12,22.25,16.03,19.91,54.13,83.8,61.52,20.63,8.51,29.99,11.5,34.32,11.2,26.47
2023-02-23,26.95,11.45,11.51,9.16,54.51,34.58,14.83,40.03,30.53,52.08,21.21,32.02,14.35,45.29,16.47,10.71,27.74,18.2,21.9,26.9,52.04,30.97,18.52,37.82,32.18,22.93,29.1,39.72,63.09,30.44,13.45,17.3,10.37,73.01,29.4,22.24,16.03,19.91,54.23,83.79,61.48,20.63,8.53,30.28,11.5,34.33,11.09,27.0
2023-02-24,26.9,11.45,11.6,9.22,54.26,33.79,14.88,39.7,30.39,51.9,21.24,31.73,14.64,45.39,16.26,10.63,26.89,18.52,22.27,26.9,52.37,31.11,18.54,37.72,32.19,22.91,29.18,39.72,63.26,30.1,13.44,16.96,10.47,72.65,29.55,21.95,16.01,19.94,53.94,83.54,61.58,20.38,8.67,30.46,11.5,34.44,11.77,27.18
2023-02-25,26.92,11.45,11.69,9.22,54.27,33.79,14.88,38.98,30.53,51.76,21.24,31.53,14.62,45.2,16.33,10.63,26.89,18.83,22.22,26.88,51.98,31.11,18.83,37.72,32.2,22.89,29.06,39.68,62.88,29.85,13.44,16.43,10.3,72.69,29.48,21.95,16.01,19.94,54.34,83.45,61.65,20.38,8.66,30.46,11.5,34.44,12.0,26.95
2023-02-26,26.875,11.45,11.98,9.22,54.5,33.79,14.88,39.12,30.33,51.77,21.24,30.35,14.69,45.18,16.33,10.63,26.89,18.69,22.22,26.86,53.05,31.11,18.84,37.72,32.2,22.91,29.08,39.39,62.73,29.95,13.44,16.52,10.46,73.01,29.57,21.98,16.01,19.95,53.91,83.41,61.32,20.38,8.79,30.46,11.5,34.44,12.21,25.66
2023-02-27,26.895,11.45,11.95,9.22,55.36,33.78,14.88,37.15,30.49,51.76,21.24,29.95,14.64,44.95,16.28,10.63,26.89,19.0,22.21,26.9,53.26,31.09,18.84,37.61,32.2,22.91,29.17,39.35,62.3,30.22,13.44,15.98,10.35,72.99,29.59,22.02,16.01,19.95,53.98,83.19,61.32,20.39,8.81,30.46,11.5,34.44,12.21,26.7
2023-02-28,26.915,11.45,11.83,9.22,55.66,33.78,14.88,35.81,30.67,51.74,21.24,29.16,14.55,44.82,16.28,10.63,26.88,19.46,22.26,26.95,53.82,31.11,19.37,37.6,32.22,22.91,29.2,38.95,61.92,30.08,13.44,15.78,10.32,72.83,29.84,22.02,16.01,19.95,53.67,83.88,61.24,20.38,8.89,30.49,11.5,34.44,12.56,26.5
2023-03-01,26.65,11.45,11.22,9.22,56.09,33.8,14.88,36.13,30.16,51.8,21.24,28.38,14.43,45.01,16.83,10.63,26.59,19.13,22.21,26.65,53.44,31.02,19.59,37.95,32.26,22.91,29.4,39.02,62.43,30.11,13.44,16.17,10.47,72.85,29.58,21.94,16.01,19.96,53.04,84.07,60.76,20.38,8.95,29.94,11.5,34.31,12.77,26.62
2023-03-02,26.85,11.45,11.28,9.22,55.6,33.8,14.88,35.93,30.02,51.83,21.24,28.4,14.27,45.12,17.07,10.61,26.61,19.05,22.21,26.66,53.82,31.02,19.58,37.95,32.3,22.89,29.53,38.57,61.89,30.25,13.44,15.81,10.68,72.25,29.58,21.94,16.01,19.96,53.23,83.96,60.58,20.38,8.93,31.14,11.5,34.27,12.87,26.85
2023-03-03,26.66,11.45,10.94,9.22,55.96,33.8,14.88,35.7,30.22,51.88,21.24,27.85,14.24,45.32,16.61,10.61,26.6,19.75,22.21,26.66,54.64,30.94,19.5,37.95,32.33,22.89,29.49,38.59,61.86,30.29,13.44,15.65,10.69,72.47,29.59,21.97,16.01,19.96,53.35,83.89,61.86,20.39,8.98,31.52,11.5,34.27,13.24,26.03
2023-03-04,26.67,11.45,10.62,9.29,56.59,33.79,14.9,35.99,30.07,51.96,21.22,28.27,14.03,45.12,16.39,10.61,25.27,19.85,21.96,26.67,54.86,30.33,19.33,37.59,32.31,22.91,29.63,38.47,61.83,29.53,13.42,15.75,10.64,71.98,29.58,22.14,16.01,19.89,53.21,83.81,61.81,20.27,9.03,30.61,11.5,34.28,13.45,26.44
2023-03-05,29.31,11.45,10.6,9.29,57.06,33.76,14.9,35.74,29.94,51.86,21.22,28.17,13.95,45.3,16.45,10.61,25.39,20.53,21.94,24.95,55.06,30.22,19.73,37.58,32.31,26.45,29.64,38.46,62.35,29.06,13.42,15.8,10.76,71.72,29.61,21.85,16.01,19.9,53.41,83.93,62.0,20.27,9.03,30.61,11.5,34.01,13.65,26.45
2023-03-06,29.39,11.45,10.82,9.29,57.3,33.76,14.9,35.08,29.87,51.86,21.22,28.38,13.83,45.35,16.45,10.61,25.39,20.94,21.94,24.95,54.42,30.22,19.49,37.58,32.31,26.45,29.61,38.54,62.04,29.04,13.42,16.68,10.71,71.74,29.58,21.85,16.01,19.9,53.56,83.87,62.0,20.21,8.94,30.61,11.5,34.01,13.76,25.89
2023-03-07,26.08,11.45,10.75,9.29,56.82,33.76,14.9,33.75,30.06,51.9,21.22,28.25,13.93,45.56,16.4,10.61,25.33,21.36,21.94,24.95,54.32,30.22,19.84,37.54,32.31,26.45,29.37,38.36,61.2,30.21,13.42,16.66,11.02,71.05,29.56,21.86,16.01,19.85,54.3,84.01,62.04,20.19,8.69,30.61,11.32,34.01,13.73,26.08
2023-03-08,25.83,11.45,10.85,9.29,57.14,33.77,14.9,33.81,29.55,51.77,21.22,28.0,13.79,45.74,16.4,10.61,25.23,21.94,21.94,24.95,54.68,30.22,20.23,37.52,32.31,26.45,29.21,38.11,61.4,29.98,13.42,17.18,10.91,71.17,29.55,21.86,16.01,19.85,53.81,84.1,62.01,20.19,8.79,30.5,11.32,34.01,14.07,25.83
2023-03-09,24.99,11.45,10.91,9.29,57.1,33.77,14.9,33.82,28.94,51.7,21.22,27.58,13.61,45.5,16.26,10.61,24.93,21.95,21.92,24.99,56.16,30.22,20.2,37.52,32.31,24.11,29.32,38.18,61.37,29.55,13.42,17.3,11.09,71.19,29.57,21.84,16.01,19.84,53.6,84.03,61.81,20.19,8.78,30.48,11.32,34.01,14.22,25.93
2023-03-10,24.939999999999998,11.45,11.18,9.29,57.31,33.76,14.9,34.96,20.41,51.7,21.22,19.88,13.77,45.54,16.27,10.62,24.93,21.81,21.92,24.99,55.93,30.22,21.28,37.52,32.31,24.11,29.3,37.07,61.58,29.43,13.42,17.55,11.34,70.89,23.18,21.84,16.01,19.84,52.69,83.89,61.81,20.19,8.81,30.48,11.32,33.99,14.26,25.27
2023-03-11,24.93,11.45,11.16,9.29,57.37,33.77,14.9,34.66,29.09,51.45,21.22,27.59,13.98,45.3,16.24,10.86,24.93,21.25,21.92,24.93,56.51,30.21,21.26,37.52,32.32,24.11,29.27,36.49,61.32,28.96,13.42,17.78,11.0,70.98,29.56,21.52,16.01,19.85,52.39,83.86,61.36,20.21,8.9,30.48,11.32,33.99,14.47,24.71
2023-03-12,24.95,11.45,11.2,9.29,57.15,33.76,14.9,34.7,29.09,51.52,21.22,27.31,13.85,45.68,16.26,10.86,24.93,21.23,21.92,24.87,55.81,30.22,20.62,37.52,32.32,24.11,29.37,36.44,61.31,29.0,13.42,18.47,10.94,70.95,29.54,21.52,16.01,19.9,52.29,83.8,61.01,20.28,8.97,30.18,11.32,33.99,14.84,25.37
2023-03-13,24.95,11.45,11.47,9.29,57.2,33.76,14.9,36.2,29.37,51.5,21.22,27.19,13.76,45.66,16.26,10.86,24.93,21.3,21.92,24.87,55.34,30.22,20.25,37.52,32.32,23.93,29.53,36.04,60.99,28.97,13.42,18.92,11.04,70.01,29.44,21.52,16.01,19.9,52.45,83.77,61.01,20.28,9.0,30.18,11.32,33.99,14.71,25.07
2023-03-14,24.97,11.45,11.37,9.37,57.38,33.76,14.91,35.78,29.43,51.48,21.31,26.86,14.16,45.66,15.91,10.85,24.93,21.28,21.93,24.97,54.91,30.22,20.74,37.7,32.48,23.95,29.59,35.56,61.16,28.61,13.42,18.76,11.09,69.92,29.44,21.59,16.01,19.9,52.25,83.95,61.67,20.25,9.04,30.38,11.32,34.01,14.82,24.99
2023-03-15,24.95,11.45,11.42,9.37,57.46,33.76,14.91,36.16,29.09,51.46,21.31,26.31,14.43,45.67,15.76,10.85,24.93,21.09,21.93,24.97,55.09,30.21,19.99,37.7,32.5,23.95,29.54,35.69,61.26,28.68,13.42,19.13,11.15,69.29,29.47,21.59,16.01,19.9,51.23,83.84,61.67,20.25,8.97,30.37,11.32,34.01,14.73,24.74
2023-03-16,25.02,11.45,11.61,9.37,57.62,33.76,14.95,36.84,29.34,51.56,21.31,26.02,14.61,45.95,15.76,10.85,25.02,22.14,22.01,24.98,54.85,30.21,20.04,37.7,32.77,23.95,29.54,36.35,61.66,28.42,13.42,19.21,11.01,69.13,29.56,21.59,16.01,19.9,51.18,84.1,61.67,20.25,8.97,30.38,11.32,34.01,14.67,25.15
2023-03-17,24.98,11.45,11.69,9.35,57.4,33.76,14.95,36.5,29.25,51.65,21.31,26.03,14.84,45.93,15.76,10.85,25.03,22.49,22.02,24.98,55.29,30.21,19.82,37.88,32.78,23.95,29.61,35.71,61.64,28.08,13.41,19.25,10.85,69.41,29.6,21.56,16.01,19.9,50.82,84.2,61.65,20.25,8.83,30.38,11.32,34.0,15.16,24.9
2023-03-18,25.03,11.45,11.8,9.35,57.3,33.76,14.98,36.4,29.2,51.76,21.31,26.26,14.77,45.46,15.76,10.85,25.03,21.56,22.02,24.98,55.8,30.22,19.88,37.89,32.81,23.95,29.58,35.73,61.66,27.59,13.42,18.91,10.99,69.4,29.59,21.56,16.01,19.9,50.3,84.33,61.65,20.25,8.94,30.36,11.32,34.0,15.66,25.11
2023-03-19,25.03,11.45,11.43,9.35,57.27,33.76,14.98,36.82,29.36,51.71,21.31,25.99,14.74,45.29,15.76,10.85,25.03,22.24,22.04,24.96,56.26,30.22,19.75,37.93,32.83,23.95,29.78,35.42,60.8,27.56,13.42,19.09,10.89,69.04,29.62,21.57,16.01,19.9,49.11,84.37,61.64,20.25,8.98,30.38,11.32,34.0,15.99,25.09
2023-03-20,25.04,11.42,11.43,9.35,56.95,33.76,14.98,36.07,29.77,51.76,21.31,26.88,14.61,45.34,15.76,10.85,25.04,22.59,22.04,25.03,56.46,30.22,19.67,37.99,32.83,23.95,29.84,35.49,60.68,27.68,13.41,18.92,11.31,68.68,29.61,21.57,16.01,19.9,48.97,84.59,61.64,20.25,8.87,30.38,11.32,34.01,16.12,25.55
2023-03-21,25.575,11.42,11.65,9.35,56.41,33.76,15.23,36.36,30.69,51.75,21.31,27.81,14.69,45.57,15.76,10.85,25.08,22.63,22.05,25.03,56.02,30.22,19.5,39.0,32.88,23.95,30.2,35.3,61.23,28.12,13.42,19.66,11.64,68.31,29.89,21.6,16.01,19.86,48.39,84.52,62.12,20.21,8.93,30.38,11.32,34.01,16.31,24.85
2023-03-22,25.575,11.42,11.71,9.35,55.97,33.76,15.23,36.96,30.67,51.6,21.31,27.56,14.56,45.26,15.76,10.85,25.08,22.2,22.06,25.02,56.74,30.21,20.19,39.33,32.88,23.95,30.49,34.97,61.74,28.27,13.42,19.64,12.1,68.52,29.8,21.6,16.04,19.81,48.71,84.71,62.12,20.21,8.94,30.41,11.32,34.01,16.09,25.08
2023-03-23,24.94,11.42,11.48,9.35,55.85,33.76,15.23,36.09,30.26,51.54,21.31,27.59,14.46,45.19,15.76,10.85,24.85,22.26,22.06,24.92,56.36,30.21,19.86,39.14,32.9,23.95,30.57,34.95,61.92,27.87,13.42,19.93,12.47,68.46,29.54,21.6,16.04,19.81,48.42,84.61,62.12,20.21,9.0,30.4,11.32,34.0,16.28,24.98
2023-03-24,24.94,11.42,11.53,9.35,56.67,33.76,15.23,35.99,30.28,51.67,21.31,27.6,14.33,45.44,15.76,10.85,24.8,22.26,22.07,24.92,56.08,30.21,19.69,39.11,33.12,23.95,30.61,34.63,61.89,27.78,13.42,21.26,12.53,68.65,29.56,21.64,16.04,19.81,49.14,84.82,62.09,20.22,9.06,30.4,11.32,34.0,16.34,25.48
2023-03-25,24.94,11.44,11.81,9.44,57.05,33.78,15.23,35.61,30.14,51.4,21.44,27.71,14.27,45.58,15.38,10.8,22.07,23.13,22.07,24.78,56.08,30.23,20.26,38.15,33.14,23.78,30.59,34.08,61.41,28.03,13.45,21.24,12.88,68.38,29.55,21.71,16.04,19.87,48.8,84.83,62.14,20.22,9.27,30.36,11.31,33.82,16.38,25.02
2023-03-26,24.84,11.44,11.86,9.44,57.03,33.78,15.24,36.42,30.05,51.59,21.44,28.24,14.23,45.56,15.38,10.8,22.05,22.31,22.07,24.79,55.62,30.26,19.66,38.12,33.15,23.78,30.58,33.84,61.37,28.45,13.45,22.18,13.29,67.41,29.49,21.71,16.04,19.9,48.28,84.84,62.14,20.22,9.24,30.63,11.31,33.73,15.85,24.84
2023-03-27,24.89,11.42,11.9,9.44,56.95,33.78,15.24,37.61,30.16,51.61,21.44,28.58,14.22,45.34,15.38,10.8,22.03,21.68,22.13,24.8,55.75,30.26,19.93,38.1,33.15,23.78,30.52,33.63,61.92,28.73,13.45,24.05,13.48,67.31,29.48,21.69,16.04,19.9,48.02,84.71,62.14,20.22,9.11,30.63,11.31,33.73,16.17,25.68
2023-03-28,25.56,11.42,11.67,9.44,56.5,33.78,15.24,37.3,30.23,51.71,21.44,29.55,14.2,45.47,15.55,10.8,21.88,21.42,22.07,25.56,54.81,30.25,20.52,38.1,33.15,23.78,30.51,32.76,62.42,28.85,13.45,23.88,13.46,67.08,29.44,21.7,16.04,19.89,48.37,85.0,62.16,20.17,9.13,30.63,11.31,33.72,15.78,26.56
2023-03-29,25.37,11.42,12.11,9.44,56.44,33.78,15.24,37.45,30.22,51.62,21.44,30.2,14.19,45.78,15.55,10.8,21.77,21.17,22.09,25.59,54.65,30.25,22.72,38.1,33.18,24.06,30.67,32.81,62.68,29.17,13.45,24.76,13.7,66.94,29.4,21.7,16.04,20.19,48.15,84.98,62.09,20.17,9.1,30.63,11.31,33.71,15.79,25.37
2023-03-30,25.38,11.42,12.09,9.44,56.43,33.78,15.24,37.65,30.13,51.63,21.44,30.77,13.89,45.97,15.55,10.8,21.77,21.27,22.09,25.38,54.26,30.25,23.14,38.07,33.16,24.06,30.68,32.6,62.99,29.52,13.45,25.84,13.71,66.86,29.35,21.67,16.04,20.09,47.53,84.91,62.09,20.17,9.23,30.63,11.31,33.71,15.77,25.31
2023-03-31,25.17,11.42,12.06,9.44,56.21,33.77,15.24,37.57,30.63,51.51,21.44,31.63,14.05,45.98,15.51,10.8,22.31,21.66,22.09,25.17,53.29,30.26,22.65,38.02,33.17,23.89,30.74,32.31,62.33,29.55,13.45,25.14,14.14,65.59,29.34,21.67,16.04,20.13,47.12,84.79,62.15,20.17,9.38,30.63,11.31,33.71,15.44,25.48
2023-04-01,26.15,11.42,12.21,9.44,56.5,33.8,15.24,37.15,30.86,51.39,21.44,31.84,13.96,46.37,15.5,10.79,22.26,21.76,22.13,27.07,52.81,30.26,23.34,37.95,33.43,20.88,30.7,32.07,62.46,29.48,13.45,26.24,14.32,65.31,28.92,21.82,16.04,20.12,47.13,84.83,62.2,20.16,9.48,30.39,11.31,33.62,15.55,24.44
2023-04-02,26.15,11.42,12.37,9.44,55.87,33.8,15.24,37.5,31.41,51.36,21.44,32.71,14.11,45.97,15.39,10.79,22.54,21.1,22.12,26.89,52.1,30.26,23.04,38.05,33.43,20.88,30.64,32.09,62.13,29.32,13.45,26.59,14.2,64.83,28.93,21.79,16.04,20.09,46.56,84.81,62.4,20.16,9.4,29.79,11.31,33.49,15.47,24.83
2023-04-03,26.15,11.42,12.37,9.44,55.07,33.8,15.24,36.28,31.15,51.17,21.44,33.75,14.14,46.04,15.39,10.79,22.07,21.05,22.12,26.76,51.97,30.25,23.37,38.07,33.43,20.88,30.59,31.25,61.75,29.86,13.45,28.43,14.27,64.46,28.95,21.82,16.04,20.09,46.59,84.85,62.25,20.15,9.31,30.66,11.31,33.52,15.37,23.85
2023-04-04,24.87,11.42,12.42,9.44,54.58,33.81,15.24,36.61,31.2,50.91,21.44,35.01,13.93,45.9,15.39,10.79,21.99,21.75,22.12,24.39,51.47,30.25,22.89,37.81,33.43,20.88,30.68,30.89,61.14,29.61,13.45,28.89,14.21,64.56,29.05,21.82,16.04,20.09,46.09,84.6,62.25,20.15,9.23,30.66,11.31,33.52,15.69,24.02
2023-04-05,24.424999999999997,11.42,12.5,9.44,54.67,33.8,15.24,36.94,22.64,50.81,21.44,28.06,13.87,45.77,15.39,10.79,22.01,21.87,22.11,23.84,51.37,30.25,23.28,37.8,33.59,20.88,30.57,30.97,61.28,29.38,13.45,28.04,14.24,63.98,23.12,21.83,16.04,20.09,45.84,84.67,62.25,20.15,9.15,30.66,11.31,33.52,16.0,23.62
2023-04-06,24.86,11.4,12.3,9.44,55.11,33.8,15.24,37.07,30.9,50.78,21.44,35.63,13.54,45.65,15.62,10.79,22.63,22.02,22.11,23.89,50.74,30.3,22.94,37.74,33.67,20.88,30.68,31.45,61.24,29.83,13.45,27.72,14.37,63.2,29.11,21.83,16.04,20.09,45.65,84.6,62.24,20.66,9.21,30.63,11.31,33.42,16.3,23.55
2023-04-07,24.86,11.4,12.21,9.5,54.62,33.77,15.23,36.83,30.88,50.72,21.43,36.38,13.63,45.53,15.56,10.8,22.61,21.36,22.11,23.68,49.71,30.35,23.32,38.67,33.47,20.87,30.7,31.39,61.85,29.43,13.44,27.95,14.37,62.36,29.16,21.82,16.04,20.08,45.53,84.71,61.53,20.7,9.14,30.62,11.3,33.32,16.46,23.59
2023-04-08,24.85,11.4,12.48,9.5,54.59,33.77,15.23,36.93,30.67,50.7,21.43,37.29,13.62,45.85,15.56,10.8,22.63,21.09,22.1,24.26,48.71,30.35,23.18,38.68,33.47,20.87,30.84,30.82,61.64,29.43,13.44,27.24,14.62,61.63,29.18,21.82,16.04,20.08,46.05,84.67,61.77,20.68,9.07,30.62,11.3,33.32,16.91,23.33
2023-04-09,24.85,11.4,12.51,9.5,54.24,33.8,15.23,36.19,30.49,50.65,21.43,38.3,13.7,46.0,15.57,10.8,22.88,21.18,22.1,24.0,48.26,30.35,22.86,38.72,33.47,20.87,30.87,30.91,61.73,29.12,13.44,27.97,14.52,60.96,29.18,22.01,16.04,20.08,46.39,84.61,61.75,20.7,9.12,30.62,11.3,33.36,17.19,22.31
2023-04-10,24.82,11.4,12.27,9.5,54.25,33.77,15.23,36.24,30.32,50.48,21.43,38.99,13.6,46.01,15.57,10.8,23.12,21.18,22.1,23.72,46.9,30.35,23.44,38.86,33.47,20.8,30.72,29.68,61.57,29.08,13.44,27.49,14.62,61.15,29.3,21.77,16.04,20.08,46.2,84.47,62.05,20.7,9.1,30.62,11.3,33.38,17.73,22.42
2023-04-11,24.82,11.36,12.55,9.52,54.44,33.71,15.21,36.25,29.88,50.5,21.38,39.77,13.69,45.7,15.36,10.78,23.3,21.07,22.21,23.68,46.12,30.43,24.26,39.2,33.12,20.8,30.96,29.04,61.68,28.67,13.43,28.04,14.6,60.26,29.39,21.75,16.04,20.09,45.56,84.47,61.88,20.94,9.13,30.38,11.29,33.06,17.52,21.91
2023-04-12,24.82,11.36,12.75,9.52,53.68,33.71,15.21,35.41,29.64,50.47,21.38,40.52,13.71,46.02,15.36,10.76,23.31,21.09,22.24,23.72,45.73,30.43,24.32,39.18,33.13,20.79,31.05,29.4,61.8,28.63,13.43,26.85,14.54,60.17,29.46,21.75,16.04,20.09,44.81,84.45,61.88,20.87,9.06,30.38,11.29,33.06,17.24,21.58
2023-04-13,23.9,10.69,13.02,8.75,53.57,33.6,14.13,35.78,29.28,50.42,19.35,41.59,13.69,45.91,15.3,10.46,23.38,21.14,21.77,23.51,46.12,30.3,23.8,37.39,31.61,19.57,31.12,28.95,61.61,28.32,12.34,27.45,14.64,60.2,29.01,21.61,15.06,20.22,44.67,84.5,59.88,20.42,9.15,28.09,10.55,32.02,17.33,21.43
2023-04-14,24.81,11.37,12.48,9.52,53.01,33.68,15.2,34.83,29.7,50.32,21.38,42.65,13.83,46.48,15.41,10.82,23.29,21.57,22.1,24.01,46.11,30.44,24.02,37.93,33.6,20.4,30.98,28.74,61.59,28.43,13.45,26.54,14.47,59.91,29.46,21.81,16.04,20.11,45.12,84.56,61.0,20.56,9.15,30.66,11.29,33.14,17.24,21.06
2023-04-15,25.91,11.37,12.36,9.52,52.19,33.67,15.2,34.92,29.49,49.96,21.38,43.27,13.86,46.43,15.41,10.82,23.07,20.66,22.12,25.91,46.32,30.44,23.87,37.92,33.6,20.4,30.91,28.57,61.33,28.54,13.45,26.13,14.37,58.98,29.5,21.81,16.04,20.11,45.15,84.24,61.0,20.54,8.88,30.66,11.29,33.33,17.5,20.97
2023-04-16,25.54,11.37,12.16,9.52,51.61,33.67,15.2,34.92,29.29,49.84,21.38,43.9,14.17,46.82,15.41,10.82,23.07,21.07,22.12,25.54,46.24,30.44,22.8,37.91,33.6,20.34,30.94,28.53,61.31,28.67,13.45,26.29,14.49,59.01,29.49,21.81,16.04,20.11,44.99,84.12,61.0,20.54,8.93,30.52,11.29,33.35,17.8,20.9
2023-04-17,24.83,11.29,12.01,9.52,51.7,33.68,15.2,35.16,28.92,49.25,21.38,44.1,13.97,47.12,15.58,10.82,23.29,21.93,22.21,24.49,45.26,30.44,22.76,37.83,33.6,20.33,31.04,28.15,61.37,28.83,13.45,26.63,14.43,58.8,29.59,21.82,16.04,20.11,44.7,84.24,60.97,20.52,8.93,30.52,11.29,33.44,17.99,20.6
2023-04-18,24.83,11.29,11.9,9.52,51.63,33.63,15.2,35.43,28.83,49.07,21.38,45.07,13.68,47.15,15.51,10.81,23.37,21.37,22.15,23.69,44.5,30.44,22.86,37.89,33.62,20.33,30.98,28.25,61.54,29.02,13.45,26.58,14.68,58.5,29.49,22.03,15.95,20.15,44.63,84.23,60.88,20.5,8.89,30.52,11.29,33.3,17.92,20.48
2023-04-19,24.81,11.28,12.11,9.52,51.3,33.63,15.2,35.92,28.55,48.78,21.38,44.12,13.71,47.14,15.34,10.81,23.28,21.22,22.21,22.95,43.86,30.48,22.68,37.91,33.62,20.29,31.16,27.99,61.59,28.78,13.45,26.64,15.12,57.83,30.06,21.63,15.95,20.11,44.3,84.25,60.93,20.53,8.87,30.52,11.29,33.3,17.75,19.99
2023-04-20,24.41,11.27,12.45,9.52,51.16,33.63,15.62,36.28,28.63,48.35,21.38,44.13,13.79,47.27,15.42,10.81,22.52,20.95,22.21,23.1,43.26,30.48,22.96,37.91,33.62,20.29,31.06,28.02,60.91,28.38,13.45,26.31,15.43,57.79,30.21,22.02,15.95,20.2,44.55,84.25,58.46,20.52,8.91,30.52,11.28,33.24,17.78,19.99
2023-04-21,24.78,11.27,12.49,9.52,51.11,33.49,15.62,35.09,28.49,48.21,21.38,45.05,13.71,47.34,15.5,10.63,23.12,21.1,22.18,23.1,42.67,30.48,22.82,37.91,33.62,20.28,31.29,28.0,60.75,28.34,13.45,26.51,15.57,57.63,29.56,22.02,15.95,20.12,44.37,84.17,58.49,20.52,8.82,31.13,11.28,33.3,18.14,19.35
2023-04-22,24.77,11.27,12.59,9.52,51.14,33.5,15.62,34.94,28.45,47.98,21.38,45.0,13.77,47.18,15.34,10.63,22.62,21.15,22.15,22.9,42.61,30.48,23.03,37.94,33.62,20.25,31.54,27.82,60.67,27.89,13.45,27.07,15.78,57.55,30.1,22.02,15.95,20.1,44.2,84.1,58.51,20.52,8.82,30.34,11.28,33.3,18.09,19.2
2023-04-23,24.77,11.25,12.35,9.52,50.05,33.5,15.62,34.87,28.5,47.91,21.38,45.31,13.67,47.64,15.34,10.63,22.62,21.15,22.15,22.89,42.34,30.48,23.08,37.94,33.62,20.16,31.49,28.28,60.56,27.41,13.45,26.85,15.91,58.19,30.2,22.02,15.95,20.1,43.77,84.07,58.51,20.52,8.93,31.74,11.27,33.29,18.05,19.11
2023-04-24,24.77,11.25,12.16,9.52,49.64,33.47,15.62,34.75,28.31,47.84,21.38,46.22,13.65,47.48,15.32,10.61,22.98,19.67,22.15,23.05,41.19,30.48,23.23,37.97,33.62,19.6,31.4,28.45,60.33,27.67,13.45,26.77,15.94,57.48,30.19,22.02,15.95,20.11,43.88,84.02,58.51,20.54,8.9,30.52,11.27,33.18,18.19,19.16
2023-04-25,25.025,11.08,12.02,9.52,49.39,33.49,15.62,33.66,28.09,47.79,21.38,47.1,13.44,47.22,15.34,10.61,22.76,18.85,22.17,22.85,40.94,30.49,23.64,37.97,33.64,19.57,31.38,28.33,60.45,27.96,13.45,26.04,15.88,57.27,29.71,22.03,15.95,20.1,44.42,84.2,58.48,20.57,8.68,31.13,11.27,33.24,18.49,19.22
2023-04-26,24.78,10.55,11.99,9.52,48.79,33.49,15.62,33.47,27.86,47.75,21.38,47.34,13.18,47.08,15.5,10.61,22.81,18.95,22.18,23.04,40.8,30.48,23.54,37.8,33.64,19.56,31.51,27.64,60.23,27.9,13.48,25.1,16.02,56.91,30.22,22.01,15.95,20.12,43.91,84.24,58.52,20.62,8.72,30.51,11.27,33.24,18.08,18.62
2023-04-27,24.78,10.53,11.94,9.52,48.64,33.52,15.62,33.32,27.76,47.82,21.31,46.79,12.95,47.26,15.46,10.55,23.01,18.85,22.17,22.69,40.26,30.62,23.26,37.67,33.39,19.47,31.41,27.53,59.07,27.34,13.48,25.22,15.72,57.13,30.18,22.06,15.96,20.08,43.96,84.27,58.6,20.69,8.6,30.27,11.25,33.45,18.39,18.17
2023-04-28,24.78,10.53,11.86,9.52,48.15,33.52,15.62,33.4,27.88,47.83,21.31,46.63,13.0,47.64,15.76,10.55,23.03,18.46,22.17,22.69,40.22,30.62,22.54,37.67,33.41,18.14,31.4,27.31,58.29,27.05,13.48,24.91,15.77,57.83,30.17,22.04,15.96,20.08,44.23,84.42,58.6,20.69,8.6,30.27,11.25,33.45,18.57,19.0
2023-04-29,24.62,10.53,11.66,9.52,48.1,33.52,15.62,33.36,27.85,47.82,21.31,46.48,13.01,47.85,15.76,10.55,22.98,18.35,22.15,22.64,38.75,30.63,22.22,37.62,33.44,17.85,31.42,27.29,57.62,27.1,13.49,24.62,15.8,58.35,30.21,22.07,15.96,20.08,44.79,84.48,58.6,20.43,8.45,30.44,11.26,33.43,18.83,18.91
2023-04-30,24.465,10.53,11.88,9.52,47.75,33.52,15.61,33.11,27.72,47.87,21.31,45.55,13.15,47.6,15.62,10.55,22.82,17.78,22.14,22.85,38.51,30.64,22.32,37.62,33.55,17.7,31.46,27.31,57.66,26.86,13.48,24.06,15.66,58.62,30.17,22.07,15.96,20.09,45.19,84.22,58.57,20.35,8.47,30.44,11.26,33.31,19.05,18.32
2023-05-01,24.525,10.53,11.94,9.5,47.35,32.96,15.6,33.09,27.24,47.9,21.26,45.46,13.25,47.46,15.7,10.52,22.85,17.74,22.46,22.24,37.99,31.19,21.73,37.92,33.55,17.71,31.35,27.58,57.46,26.67,13.48,23.9,15.58,58.63,30.22,22.07,15.95,17.15,44.76,84.24,58.41,20.38,8.49,30.23,11.25,33.03,19.27,18.59
2023-05-02,25.14,10.53,12.09,9.5,47.18,32.96,15.6,33.58,26.88,47.94,21.26,44.57,13.19,47.37,15.7,10.52,22.82,17.72,22.46,22.04,37.82,31.17,22.03,37.92,33.55,17.74,31.31,27.13,57.58,26.6,13.45,24.06,15.45,59.2,30.29,22.07,15.94,17.16,45.33,84.39,58.41,20.23,8.39,30.23,11.23,33.03,19.13,18.56
2023-05-03,25.17,10.53,12.19,9.5,47.38,33.0,15.57,34.74,26.75,48.04,21.26,44.07,13.16,47.27,15.78,10.52,22.94,17.67,22.45,22.0,37.34,31.17,21.95,37.78,33.57,17.74,31.16,27.36,56.35,26.49,13.45,23.21,15.12,59.3,30.18,22.13,15.94,17.19,45.58,84.29,58.53,20.04,8.34,30.23,11.22,33.04,19.28,19.07
2023-05-04,25.22,10.53,12.26,9.5,48.04,32.96,15.57,34.31,26.44,48.2,21.26,43.51,13.12,47.05,15.71,10.52,22.99,16.8,22.44,21.77,37.77,31.17,22.09,37.92,33.6,17.74,31.15,27.59,56.63,26.6,13.45,23.03,14.99,59.79,30.2,22.08,15.94,17.22,45.95,84.16,58.5,20.29,8.4,30.23,11.15,33.02,18.81,19.24
2023-05-05,24.94,10.53,12.05,9.5,47.77,32.97,15.58,34.12,26.29,48.27,21.26,43.53,13.22,47.14,15.7,10.52,22.98,15.98,22.25,21.77,37.9,30.4,21.6,37.79,33.6,17.74,31.13,26.94,56.46,26.61,13.45,22.91,15.07,60.24,30.17,22.1,15.94,17.13,46.25,84.05,58.52,20.31,8.32,30.39,11.17,33.05,18.63,19.37
2023-05-06,24.305,10.53,12.03,9.5,47.55,32.97,15.58,33.7,25.89,48.19,21.26,42.85,13.14,46.92,15.7,10.52,22.97,16.19,22.25,21.77,38.49,30.4,21.46,37.79,33.6,17.74,30.94,26.12,56.42,26.14,13.45,23.47,14.93,61.0,30.2,22.1,15.94,17.13,46.04,83.96,58.52,20.31,8.38,30.39,11.17,33.05,18.29,18.97
2023-05-07,24.16,10.53,12.32,9.5,48.1,32.97,15.58,33.6,26.09,48.21,21.26,42.51,12.99,46.84,15.69,10.52,22.94,16.45,22.24,22.18,39.66,30.39,20.6,37.8,33.6,17.74,30.85,26.6,55.79,26.25,13.45,23.83,15.06,61.25,30.17,22.03,15.94,17.13,46.12,84.06,58.53,20.32,8.19,30.39,11.17,32.93,18.14,19.09
2023-05-08,24.02,10.53,12.43,9.5,47.88,32.86,15.58,33.0,26.06,48.42,21.26,42.34,13.35,46.91,15.67,10.52,22.94,16.4,22.25,21.75,39.98,30.4,20.2,37.79,33.6,17.76,30.8,25.93,55.15,26.54,13.45,23.77,15.2,61.65,30.19,22.09,15.94,16.99,46.06,84.06,58.48,20.34,8.26,30.39,11.16,32.91,17.58,19.34
2023-05-09,23.835,10.53,12.22,9.5,47.41,32.86,15.57,33.48,26.2,48.5,21.26,41.37,13.23,47.42,15.67,10.52,22.94,16.24,22.25,21.82,39.69,30.36,20.08,37.79,33.6,17.76,30.95,26.01,55.2,26.58,13.43,23.55,15.05,62.62,30.27,22.09,15.94,16.97,46.1,84.16,58.48,20.35,8.37,30.39,11.16,32.91,17.45,19.69
2023-05-10,24.06,10.53,12.52,9.5,46.93,32.86,15.57,33.51,26.34,48.6,21.26,40.51,13.08,47.41,15.67,10.51,22.94,16.14,22.25,21.77,40.52,30.36,19.76,37.79,33.6,17.76,30.22,26.08,55.24,26.84,13.45,24.06,15.07,63.08,30.3,22.09,15.94,16.96,46.02,84.11,58.47,20.34,8.44,30.39,11.16,32.91,17.0,19.37
2023-05-11,23.98,10.55,12.83,9.48,46.42,32.86,15.58,33.42,26.49,48.74,21.3,40.29,13.04,47.4,15.67,10.51,22.95,16.09,22.24,22.05,41.31,30.97,19.64,37.99,33.76,17.78,30.01,26.06,55.06,26.86,13.44,23.55,15.13,63.67,30.3,22.09,15.94,16.96,46.49,84.2,57.84,20.62,8.43,30.35,11.15,32.88,16.84,19.69
2023-05-12,24.025,10.55,12.58,9.48,46.37,32.99,15.58,34.07,26.95,48.97,21.3,40.5,13.11,46.9,15.76,10.52,22.87,16.15,22.25,22.34,41.92,30.95,19.57,37.86,33.76,17.74,30.21,25.65,55.23,26.68,13.44,23.56,15.28,64.14,29.65,22.05,15.89,17.02,47.0,84.27,57.96,20.61,8.37,30.35,11.15,32.88,17.53,19.73
2023-05-13,23.09,10.55,12.59,9.48,46.63,32.98,15.57,33.79,27.3,48.97,21.3,40.34,12.74,47.35,15.76,10.52,22.79,16.06,22.25,22.23,41.53,30.95,19.88,37.86,33.76,17.74,30.03,25.38,55.3,26.49,13.44,23.52,15.15,65.19,29.61,22.05,15.89,17.01,47.22,83.87,57.96,20.61,8.3,30.35,11.15,32.88,17.43,20.34
2023-05-14,23.09,10.55,12.87,9.48,46.85,32.9,15.57,33.97,27.36,48.94,21.3,40.33,12.54,47.27,15.76,10.52,22.79,15.61,22.25,22.28,41.1,30.95,19.6,37.86,33.76,17.74,30.37,25.5,55.26,26.49,13.41,23.41,15.12,65.57,29.74,22.05,15.89,17.01,47.36,84.14,57.96,20.6,8.37,30.35,11.15,32.87,17.78,20.19
2023-05-15,22.93,10.55,12.71,9.48,46.9,33.3,15.45,33.79,27.39,49.08,21.3,40.04,12.32,47.19,15.68,10.51,22.85,16.01,22.25,22.33,40.74,30.87,18.99,38.0,33.76,17.74,30.35,25.18,55.27,26.64,13.22,22.93,15.03,66.17,30.51,21.96,15.89,16.91,47.65,84.09,58.14,20.6,8.45,30.35,11.15,32.87,17.92,20.49
2023-05-16,22.85,10.55,12.44,9.54,47.41,33.3,15.45,33.41,27.82,49.11,21.3,39.59,11.87,47.18,15.68,10.51,22.85,16.15,22.24,22.07,40.63,30.87,19.36,38.0,33.76,17.74,30.57,25.24,55.14,26.97,13.22,22.39,15.3,66.5,30.52,21.96,15.85,16.91,47.7,84.0,58.14,20.73,8.44,30.51,11.15,32.82,18.11,20.38
2023-05-17,22.685000000000002,10.55,12.26,9.43,46.77,33.25,15.45,33.25,28.02,49.1,21.3,39.12,11.86,47.31,15.69,10.52,22.84,14.95,22.23,22.05,40.87,30.28,19.54,37.95,33.8,17.74,30.37,24.79,54.75,26.87,13.21,22.53,15.19,67.06,30.55,22.3,15.89,16.92,47.76,83.75,58.18,20.54,8.44,30.67,11.13,32.76,17.57,20.56
2023-05-18,22.57,10.55,12.83,9.43,47.25,33.21,15.48,32.72,28.36,49.29,21.3,38.67,11.89,47.52,15.69,10.49,22.84,15.29,22.23,22.06,40.78,30.28,19.46,37.95,33.8,17.74,29.98,24.8,54.25,27.36,13.22,22.16,15.43,66.94,30.65,22.3,15.85,16.92,48.14,83.58,58.19,20.54,8.41,30.67,11.12,32.74,17.55,20.97
2023-05-19,22.665,10.55,12.98,9.43,47.08,33.2,15.48,32.69,28.25,49.38,21.3,38.34,11.79,47.54,15.77,10.49,22.98,14.98,22.22,21.84,40.84,30.28,19.47,37.99,33.8,17.74,30.4,24.44,54.64,26.98,13.22,22.35,15.22,67.49,30.07,21.94,15.85,17.07,48.54,83.56,58.39,20.55,8.46,30.67,11.12,32.74,17.49,21.78
2023-05-20,22.945,10.55,12.62,9.43,47.4,33.3,15.45,32.77,28.13,49.3,21.3,38.04,11.7,47.4,15.77,10.5,22.98,15.07,22.22,21.83,41.13,30.28,19.19,38.01,33.8,17.73,29.91,24.5,54.9,26.61,13.21,22.91,14.74,67.63,30.06,21.94,15.89,17.07,47.36,83.61,58.39,20.55,8.41,30.67,10.97,32.73,17.33,21.76
2023-05-21,23.0,10.55,12.6,9.43,47.7,33.33,15.43,33.74,28.2,49.42,21.28,37.24,11.64,47.49,15.77,10.51,23.03,14.95,22.42,21.87,41.42,31.06,19.3,37.62,33.86,17.73,29.46,23.86,55.08,26.37,13.19,22.97,14.21,67.18,30.13,21.89,15.85,17.12,47.38,83.72,58.28,20.75,8.5,30.43,10.42,32.32,17.14,22.3
2023-05-22,23.31,10.55,12.84,9.43,47.21,33.36,15.43,33.82,28.4,49.28,21.28,36.99,11.6,47.77,15.69,10.51,22.98,14.98,22.45,22.12,41.35,31.06,18.81,37.49,33.86,17.74,29.32,23.89,54.24,26.34,13.19,23.43,13.76,67.78,30.86,21.95,15.85,17.15,47.31,83.73,58.55,20.69,8.47,30.43,10.42,32.29,17.48,21.93
2023-05-23,23.29,10.55,12.83,9.43,47.42,33.3,15.43,33.41,28.2,49.15,21.28,37.15,11.87,47.86,15.77,10.51,23.03,14.93,22.46,22.12,41.82,31.06,18.83,37.59,33.86,17.74,29.46,24.13,54.35,26.66,13.19,23.29,13.69,68.36,30.72,21.91,15.85,16.98,47.94,83.75,58.95,20.63,8.39,30.43,10.42,32.29,17.67,22.09
2023-05-24,23.83,10.56,13.01,9.43,47.19,33.55,15.43,33.61,28.21,49.31,21.19,36.85,11.92,48.25,15.72,10.49,23.31,16.43,22.61,21.61,41.49,30.56,18.27,38.88,33.68,17.74,29.58,23.83,54.73,26.66,13.19,23.07,13.29,68.3,30.73,21.78,15.84,16.87,47.93,83.84,58.94,20.37,8.49,30.27,10.44,32.09,17.79,22.09
2023-05-25,23.36,10.56,12.98,9.43,47.22,33.3,15.49,34.22,28.6,49.43,21.19,37.11,11.85,48.36,15.72,10.49,23.04,17.7,22.6,21.69,41.25,30.56,18.49,38.88,33.68,17.75,29.86,23.68,54.6,26.69,13.19,22.92,13.25,68.42,33.53,21.7,15.87,16.94,47.73,83.86,59.03,20.23,8.52,30.27,10.44,32.09,17.73,22.95
2023-05-26,23.32,10.56,12.51,9.43,47.45,33.22,15.49,34.3,28.75,49.51,21.19,36.42,11.73,48.52,15.72,10.49,23.04,18.01,22.59,21.7,40.39,30.57,18.43,40.41,33.67,17.74,29.81,23.6,54.84,26.74,13.19,22.98,12.71,68.9,33.46,21.69,15.87,16.94,48.01,84.07,59.04,20.22,8.5,30.92,10.44,32.1,17.96,22.84
2023-05-27,23.17,10.56,12.72,9.43,47.46,33.02,15.43,35.06,28.75,49.61,21.19,36.65,11.41,48.54,15.72,10.49,23.04,18.47,22.6,21.79,40.1,30.57,18.1,40.43,33.67,17.74,29.57,23.3,55.53,26.6,13.19,23.04,12.77,68.68,33.46,21.69,15.84,16.9,47.59,84.09,59.04,20.19,8.4,30.92,10.41,32.1,17.78,22.93
2023-05-28,22.96,10.56,12.45,9.43,48.22,32.97,15.43,34.7,28.68,49.67,21.19,36.68,11.31,48.31,15.72,10.39,23.07,19.35,22.63,21.86,39.62,30.57,17.08,40.43,33.67,17.74,29.78,22.84,55.37,26.65,13.19,22.85,12.72,68.4,33.43,21.78,15.81,16.84,47.56,84.03,58.96,20.21,8.41,30.92,10.41,32.08,17.96,22.09
2023-05-29,22.965,10.56,12.76,9.43,48.41,33.01,15.43,35.18,28.96,49.55,21.19,36.93,11.35,48.7,15.81,10.36,23.09,19.39,22.61,21.72,40.76,30.57,17.92,40.35,33.67,17.74,29.64,22.71,56.25,26.52,13.19,22.84,12.73,68.69,33.48,21.69,15.81,16.94,46.8,84.09,58.99,20.2,8.48,30.92,10.41,32.09,17.45,22.55
2023-05-30,23.295,10.57,12.43,9.43,48.88,33.0,15.43,35.07,29.24,49.52,21.19,37.79,11.15,48.94,15.81,10.33,23.09,19.41,22.59,21.72,41.49,30.57,17.69,40.35,33.67,17.74,29.2,22.73,55.76,26.69,13.19,23.45,12.24,68.57,33.42,21.69,15.81,16.94,46.92,84.21,58.99,20.2,8.32,30.92,10.41,32.09,17.57,23.14
2023-05-31,23.244999999999997,10.57,12.4,9.43,49.16,32.95,15.43,36.08,29.54,49.55,21.19,38.24,11.29,49.32,15.72,10.31,23.04,19.46,22.56,21.67,42.07,30.55,18.26,40.33,33.67,17.74,29.34,22.96,56.49,26.68,13.19,23.29,11.94,68.36,33.31,21.83,15.84,16.82,47.53,84.27,58.84,20.22,8.21,30.92,10.41,32.09,17.37,23.2
2023-06-01,23.705,10.57,12.41,9.43,49.72,32.95,15.42,35.18,29.57,49.57,21.15,38.15,11.05,49.17,15.66,10.28,24.36,19.51,22.86,21.66,42.79,31.21,18.11,39.71,33.18,17.74,29.34,23.05,56.5,27.01,13.21,22.8,12.36,68.2,33.16,21.69,15.84,16.98,46.87,84.34,58.9,20.15,8.18,30.48,10.41,32.06,17.72,22.49
2023-06-02,23.950000000000003,10.58,12.23,9.43,49.73,32.82,15.43,34.54,29.76,49.54,21.15,37.99,10.81,48.64,15.67,10.27,24.28,19.68,22.82,21.63,43.52,31.16,18.05,39.77,33.2,17.74,29.04,22.94,57.78,26.69,13.21,23.62,12.36,68.64,32.82,21.11,15.84,18.15,46.7,84.38,58.82,20.16,8.24,30.48,10.41,32.24,17.77,22.82
2023-06-03,23.92,10.58,13.18,9.43,49.51,32.82,15.43,34.87,29.8,49.79,21.15,38.11,10.88,49.04,15.67,10.27,24.28,19.26,22.82,21.63,43.41,31.16,18.5,39.77,33.2,17.74,29.18,22.77,58.32,26.69,13.21,23.56,12.47,68.14,32.86,21.11,15.81,18.15,46.25,84.48,58.82,20.16,8.13,30.48,10.4,32.24,18.22,22.49
2023-06-04,23.67,10.58,12.39,9.43,48.89,32.82,15.32,34.81,30.06,49.84,21.15,38.49,10.99,48.71,15.67,10.27,24.28,18.92,22.81,21.63,42.54,31.16,20.58,39.77,33.2,17.74,29.32,22.55,58.93,26.62,13.21,23.06,12.73,68.22,33.02,21.11,15.81,18.16,46.37,84.33,58.82,20.15,8.15,30.48,10.4,32.24,18.42,22.75
2023-06-05,23.72,10.58,12.49,9.43,49.11,32.83,15.43,35.06,30.29,49.83,21.15,38.57,11.24,48.8,15.67,10.27,24.28,18.66,22.81,21.63,42.41,31.16,21.28,39.77,33.2,17.74,29.59,22.89,59.11,26.44,13.21,23.16,12.58,68.04,32.92,21.11,15.81,18.16,47.09,84.45,58.91,20.15,8.13,30.48,10.4,32.24,18.64,22.34
2023-06-06,23.564999999999998,10.58,12.71,9.43,48.75,32.83,15.38,35.3,30.82,49.99,21.15,38.27,11.09,48.75,15.67,10.31,24.3,18.39,22.48,21.64,41.58,30.38,21.49,40.13,33.4,17.74,29.61,22.83,59.44,26.91,13.21,22.27,12.61,67.73,32.98,21.08,15.86,17.98,46.71,84.62,58.93,22.4,8.17,30.42,10.4,32.19,18.45,22.17
2023-06-07,26.6,19.49,12.73,20.42,49.1,33.0,22.39,35.61,31.98,49.99,26.6,38.47,10.98,48.53,24.56,14.99,19.26,18.54,21.91,14.14,42.34,25.45,22.65,30.1,33.12,14.23,29.42,22.96,60.32,26.81,17.54,21.68,12.55,67.58,33.8,27.56,13.61,30.3,46.82,84.67,44.12,33.18,8.17,22.21,13.92,34.25,18.57,22.65
2023-06-08,26.6,19.48,13.05,20.42,49.88,33.06,22.35,35.42,31.85,50.02,26.6,37.94,10.95,48.15,24.01,15.02,19.02,18.58,21.91,14.12,43.22,25.45,22.67,30.38,33.11,14.24,29.69,22.58,60.23,26.99,17.54,21.42,12.56,67.25,33.78,27.11,13.62,30.32,46.23,84.76,46.4,33.19,8.14,22.21,13.92,34.28,18.52,23.2
2023-06-09,26.6,19.48,13.4,20.42,50.2,33.3,22.39,35.45,31.68,50.17,26.6,38.17,10.9,48.3,23.92,15.02,19.22,18.74,21.91,14.12,43.23,25.45,22.65,30.02,33.06,14.24,29.93,23.02,60.83,27.13,17.54,21.66,12.55,66.6,33.77,27.11,13.8,30.31,46.92,84.99,46.19,33.17,8.15,22.24,13.92,34.29,18.69,23.59
2023-06-10,26.66,19.47,13.23,20.42,49.91,33.29,22.4,34.79,31.69,50.28,26.66,37.68,10.78,48.19,23.92,15.04,19.22,18.78,21.91,14.12,42.85,25.48,22.49,30.02,32.99,14.24,29.58,22.91,60.41,26.93,17.54,22.21,12.54,66.57,33.68,27.01,13.95,30.3,46.94,85.03,46.2,33.17,8.12,22.24,13.91,34.28,18.79,23.39
2023-06-11,26.095,19.47,13.14,20.35,50.56,33.07,22.4,34.95,31.62,50.34,26.6,37.0,10.75,48.26,23.96,15.08,19.22,18.69,21.93,14.13,42.99,25.59,22.52,29.8,33.0,14.25,29.47,22.18,60.5,27.02,17.55,23.28,12.78,66.46,33.64,27.03,13.99,30.24,47.22,85.1,44.31,33.25,8.15,22.25,13.87,34.14,18.56,23.55
2023-06-12,26.060000000000002,19.46,12.9,20.35,51.02,33.07,22.4,35.05,31.57,50.41,26.6,37.43,10.68,48.14,23.96,15.08,19.22,18.81,21.93,14.15,43.03,25.62,22.53,29.8,33.0,14.27,29.47,22.81,61.14,27.41,17.55,23.67,12.55,66.34,33.61,26.5,13.86,30.25,47.04,85.06,44.15,33.25,8.21,22.23,13.9,34.11,18.48,23.16
2023-06-13,26.5,19.46,12.9,20.35,50.8,33.07,22.4,34.82,31.33,50.3,26.6,37.84,10.51,47.98,23.96,15.07,19.22,,21.93,14.59,43.28,25.64,23.06,29.8,33.07,14.27,29.6,22.28,61.74,27.37,17.56,23.17,12.5,66.7,33.54,26.5,13.81,30.23,47.49,85.19,44.14,33.17,8.2,22.23,13.91,34.04,18.06,22.94
2023-06-14,25.78,19.47,12.7,20.31,51.31,33.02,22.31,33.96,31.27,50.26,25.78,38.16,10.52,47.76,23.96,15.09,19.25,,21.98,14.63,43.39,25.58,23.32,30.07,32.92,14.29,29.72,21.96,61.3,27.17,17.58,23.67,12.34,66.2,33.42,26.52,13.41,29.31,47.26,85.6,44.13,33.19,8.1,20.94,13.91,33.97,17.99,22.51
2023-06-15,25.78,19.47,12.65,20.31,50.99,33.53,22.31,34.09,31.08,50.1,25.78,38.44,10.48,47.64,23.96,15.1,19.1,,22.01,14.72,43.39,25.55,24.39,30.4,32.93,14.29,29.43,21.74,61.35,27.29,17.57,23.69,12.33,66.46,33.36,26.51,13.41,29.33,47.08,85.45,44.53,33.21,8.08,21.22,13.91,33.81,17.87,22.44
2023-06-16,25.78,19.94,12.91,22.28,50.87,34.34,24.09,33.85,31.91,49.96,27.24,39.05,10.78,47.59,24.65,17.3,20.58,,23.07,16.06,43.6,27.85,24.48,31.47,37.56,14.42,29.08,21.68,61.3,26.91,17.73,24.62,12.49,66.08,33.81,26.93,15.6,29.4,47.13,85.36,49.56,33.95,7.99,25.47,14.49,35.66,18.0,22.16
2023-06-17,25.78,19.94,12.78,22.64,50.8,34.34,23.31,33.43,31.59,49.98,27.24,39.16,10.9,47.52,24.65,17.3,20.58,,23.07,16.11,43.47,27.89,24.96,31.46,37.56,14.42,29.43,21.46,60.99,26.6,17.73,25.22,12.02,65.85,33.9,26.93,15.6,29.26,47.96,85.54,49.56,33.95,7.99,25.49,14.47,35.61,18.01,22.13
2023-06-18,26.145000000000003,19.46,12.6,20.49,50.76,32.83,21.8,33.2,31.09,49.86,25.78,38.83,10.75,47.44,23.96,15.09,19.04,,21.91,14.79,43.77,25.57,25.32,30.12,32.98,14.29,29.17,21.49,60.82,26.71,17.57,25.06,11.72,66.23,33.56,26.51,13.41,29.21,48.51,85.62,44.31,33.15,7.99,21.21,13.89,33.76,18.34,22.18
2023-06-19,25.78,19.46,12.33,20.49,50.44,32.8,21.8,33.59,31.63,49.89,25.78,38.83,10.58,47.17,23.96,15.09,19.04,,21.91,14.76,43.15,25.57,25.31,30.11,32.98,14.29,28.97,21.68,60.46,27.71,17.57,24.28,11.68,66.16,33.56,26.51,13.41,29.27,49.96,85.61,44.3,33.15,7.96,21.2,13.87,33.77,18.88,22.11
2023-06-20,25.76,19.92,12.3,22.64,50.03,34.34,22.94,32.6,32.31,49.97,27.24,40.32,10.39,46.91,24.65,17.28,20.57,,23.07,16.05,42.46,27.88,25.49,31.34,37.56,14.42,28.88,21.54,60.2,28.14,17.73,23.61,11.5,65.85,33.85,26.93,15.64,29.37,50.85,85.89,49.55,33.95,7.93,25.49,14.43,35.59,19.16,22.69
2023-06-21,25.97,19.91,12.42,22.54,50.15,34.37,22.97,32.94,31.92,50.06,27.24,40.25,10.44,46.95,24.7,17.27,20.55,,23.07,16.06,42.39,27.93,25.4,31.14,37.55,14.42,29.05,21.19,60.33,28.37,17.7,23.26,11.41,66.47,33.79,26.99,15.86,29.22,51.37,86.03,49.54,33.99,7.93,25.43,14.4,35.89,18.74,22.98
2023-06-22,25.97,19.91,12.55,22.54,50.45,34.37,22.97,34.06,32.27,50.06,27.27,39.59,10.6,46.87,24.7,17.26,20.55,,23.07,16.08,42.9,27.93,25.33,31.14,35.76,14.42,28.91,20.95,60.04,28.35,17.75,22.89,11.53,66.89,33.79,26.99,15.7,29.14,51.35,86.09,49.1,33.99,7.87,25.42,14.4,35.87,18.66,23.06
2023-06-23,25.97,19.91,12.61,22.54,50.41,34.15,22.96,34.02,32.28,50.08,27.27,40.15,10.75,46.59,24.7,17.2,19.12,,23.07,16.09,42.23,27.96,25.44,31.14,35.76,14.42,29.01,20.59,60.0,28.02,17.75,23.35,11.47,66.58,33.97,26.95,15.7,29.15,51.3,86.21,49.1,33.99,7.69,25.35,14.41,35.87,18.83,22.85
2023-06-24,25.65,19.39,12.74,20.35,50.35,32.8,21.48,33.73,31.7,49.96,25.42,39.1,10.92,46.72,23.7,14.92,17.93,,21.93,14.77,42.54,25.65,25.56,30.12,31.68,14.3,28.79,20.82,60.12,27.81,17.62,23.16,11.41,67.02,33.51,26.51,13.45,29.02,51.75,86.31,44.25,33.26,7.67,21.19,13.45,33.71,18.36,22.53
2023-06-25,25.73,19.39,12.86,20.35,50.12,32.81,21.48,33.82,31.74,49.94,25.42,38.46,11.18,46.72,23.7,14.86,17.93,,21.93,14.75,43.21,25.66,25.73,30.12,31.7,14.3,28.84,21.23,60.13,27.96,17.62,23.57,11.41,67.36,33.86,26.51,13.51,29.0,51.9,86.36,44.28,33.26,7.68,21.2,13.45,33.73,18.76,22.57
2023-06-26,25.97,19.39,12.92,20.35,50.42,32.73,21.48,33.65,31.86,49.79,25.42,38.23,11.26,46.73,23.7,14.87,17.82,,21.93,14.74,43.71,25.68,25.97,30.15,31.68,14.3,29.25,21.08,59.72,28.05,17.62,23.77,11.31,67.03,33.83,26.5,13.7,29.0,52.46,86.61,44.32,33.27,7.69,21.19,13.45,33.69,19.02,22.81
2023-06-27,26.5,19.39,13.08,20.35,49.98,32.73,21.48,33.94,32.01,49.9,25.42,38.84,11.14,46.59,23.7,14.86,17.82,,21.93,14.74,44.21,25.65,26.73,30.15,31.63,14.3,28.67,21.16,59.54,28.78,17.62,24.14,11.49,66.83,33.92,26.5,13.59,29.0,52.47,86.86,44.36,33.27,7.68,21.19,13.43,33.69,18.9,23.6
2023-06-28,25.88,19.43,13.09,20.35,50.16,33.18,21.48,33.56,31.83,49.86,25.42,38.21,11.12,46.74,23.7,14.85,17.88,,21.93,14.74,44.42,25.66,25.88,30.38,31.68,14.3,28.55,21.2,59.04,28.97,17.62,23.77,11.48,67.33,34.22,26.5,13.82,29.0,53.01,86.81,44.27,33.27,7.48,21.15,13.44,33.86,19.66,23.4
2023-06-29,25.99,19.43,13.14,20.35,50.42,33.18,21.48,33.62,31.84,49.99,25.42,37.22,10.95,47.03,23.7,14.85,17.88,,21.93,14.71,44.33,25.64,25.99,30.38,31.68,14.27,28.74,21.21,59.06,29.15,17.62,23.87,11.48,67.96,34.14,26.5,13.82,28.98,52.84,87.06,44.27,33.27,7.48,21.12,13.44,33.85,19.82,23.58
2023-06-30,26.44,19.43,13.16,20.35,50.23,33.2,21.48,33.21,32.08,50.25,25.42,36.82,11.05,46.68,23.7,14.85,17.88,,21.93,14.71,44.97,25.64,26.44,30.38,31.7,14.26,28.88,21.24,58.89,28.74,17.63,24.03,11.2,67.67,33.93,26.5,13.82,28.98,52.67,87.14,44.12,33.27,7.5,21.13,13.44,33.85,20.58,23.5
2023-07-01,26.1,19.36,13.13,20.3,49.79,33.05,21.53,33.27,32.17,50.28,25.26,37.29,11.1,47.03,23.57,14.78,17.81,,21.91,14.82,44.82,25.52,26.61,29.39,31.69,15.52,28.64,21.22,58.58,28.51,17.64,25.15,10.81,68.15,34.03,26.1,13.87,28.74,53.42,87.18,44.07,33.32,7.65,21.13,13.39,34.1,20.0,24.03
2023-07-02,25.79,19.37,12.92,20.24,49.98,32.85,21.53,32.96,32.44,50.53,25.26,36.98,11.07,47.31,23.58,14.77,17.79,,21.9,14.82,44.47,25.49,26.42,29.39,31.69,15.52,28.64,21.39,58.23,28.89,17.64,25.11,10.9,68.19,34.05,25.79,13.9,28.79,53.71,87.3,44.04,33.36,7.64,17.7,13.39,32.71,20.29,23.75
2023-07-03,25.79,19.37,12.99,20.24,50.14,32.85,21.53,32.36,32.45,50.85,25.26,37.11,11.2,46.93,23.58,14.77,17.79,,21.9,14.82,45.21,25.49,26.1,29.39,31.69,15.52,28.73,21.51,58.38,28.75,17.64,25.24,11.02,68.61,34.02,25.79,13.82,28.77,53.67,87.39,44.11,33.36,7.73,17.61,13.33,32.71,20.19,24.87
2023-07-04,25.79,19.34,12.97,20.22,50.02,32.82,21.38,31.73,32.29,50.93,24.82,36.42,11.06,47.14,23.54,14.79,17.86,,21.92,14.74,45.9,25.49,25.04,29.64,31.67,15.52,28.48,21.58,58.13,28.83,17.64,26.06,10.93,68.03,33.94,25.79,13.74,28.78,53.82,86.44,44.25,33.39,7.79,17.48,13.2,32.68,20.64,24.82
2023-07-05,25.92,19.34,13.06,20.22,49.46,32.95,21.36,31.54,32.49,50.95,24.82,36.02,11.16,47.14,23.54,14.79,17.86,,21.92,14.74,46.41,25.47,24.72,29.63,31.67,15.52,28.71,21.59,57.87,28.85,17.67,26.15,11.06,67.03,33.87,25.92,13.74,28.77,54.27,86.62,43.81,33.37,7.8,17.39,13.14,32.76,20.7,25.7
2023-07-06,25.87,19.33,13.17,20.22,49.16,32.95,21.34,31.35,32.05,51.24,24.82,36.56,11.24,46.72,23.54,14.65,17.86,,21.92,14.74,46.22,25.48,24.7,29.63,31.64,15.51,28.6,21.78,57.35,28.64,17.72,26.1,10.92,66.82,33.96,25.87,13.72,28.77,54.38,86.6,43.81,33.38,7.83,17.39,13.11,32.77,21.13,25.71
2023-07-07,25.87,19.33,12.98,20.22,48.68,32.95,21.34,31.57,32.29,51.39,24.82,36.55,11.15,46.75,23.54,14.57,17.86,,21.92,14.74,46.09,25.48,23.68,29.63,31.59,15.37,28.17,21.66,55.98,28.4,17.72,26.92,10.64,66.28,34.13,25.87,13.6,28.77,53.74,86.76,43.79,33.37,7.87,17.37,13.11,32.77,20.96,25.42
2023-07-08,26.355,19.33,12.94,20.22,48.7,32.82,21.34,31.42,23.46,51.58,24.82,29.71,11.24,46.72,23.54,14.33,17.86,,21.9,14.76,45.79,25.44,23.56,29.61,31.41,15.33,27.9,21.76,54.75,28.36,17.72,26.71,10.77,65.69,29.59,26.0,13.69,28.73,55.18,86.59,44.27,33.51,7.79,17.4,12.95,31.45,21.08,24.28
2023-07-09,25.95,19.33,12.74,20.22,49.01,32.82,21.34,31.14,32.38,51.69,24.82,37.93,11.25,46.48,23.54,14.23,17.86,,21.89,14.76,45.46,25.44,23.5,29.58,31.41,15.49,28.0,21.3,54.33,28.4,17.72,25.95,10.68,65.47,34.0,26.0,13.58,28.73,55.08,86.67,44.33,33.52,7.73,17.4,12.95,31.47,21.66,24.3
2023-07-10,25.46,19.33,12.41,20.22,49.16,32.82,21.34,31.31,32.74,51.59,24.82,37.37,11.53,46.83,23.54,14.23,17.86,,21.85,14.76,45.52,25.46,23.9,29.57,31.4,15.59,27.74,21.33,54.57,28.29,17.72,24.72,10.57,64.8,34.05,26.0,13.35,28.72,55.28,86.65,44.31,33.52,7.9,17.37,12.97,31.46,21.39,25.06
2023-07-11,25.53,19.28,12.57,20.24,48.85,32.86,21.38,30.82,32.64,51.64,24.88,38.14,11.46,47.06,23.46,14.24,17.8,,21.83,14.82,45.43,25.53,24.09,29.27,31.4,15.59,27.39,21.49,54.26,28.1,17.74,25.07,10.33,64.27,34.08,26.04,12.86,28.71,54.82,86.72,44.31,33.55,8.03,17.41,12.98,31.55,21.41,25.28
2023-07-12,25.51,19.27,12.7,20.24,47.89,32.88,21.38,30.43,32.42,51.83,24.88,35.85,11.41,47.03,23.47,14.23,17.8,,21.83,14.82,45.53,25.51,24.36,29.27,31.4,15.59,27.37,21.43,54.09,27.91,17.73,23.94,10.4,64.52,34.29,26.1,12.86,28.76,55.15,87.25,44.31,33.4,8.0,17.39,12.98,31.54,21.69,25.37
2023-07-13,24.2,19.26,12.39,20.07,47.58,32.88,21.8,31.09,32.75,51.81,23.88,37.04,11.33,46.56,20.23,13.36,17.8,,23.74,14.82,45.88,36.53,24.2,31.61,31.4,15.7,27.2,21.51,53.31,27.64,16.48,24.18,10.14,63.83,33.44,22.39,14.69,27.58,54.93,86.99,35.61,33.15,7.68,16.76,13.01,20.16,22.16,25.62
2023-07-14,24.205,19.29,12.39,20.02,47.35,33.25,21.85,31.07,32.7,51.85,23.82,36.2,11.38,46.48,20.2,13.37,17.82,,23.77,14.86,45.98,36.51,24.21,31.59,31.4,14.94,27.44,21.22,53.72,,16.48,24.2,10.04,63.64,32.8,22.33,14.6,27.18,54.95,86.99,35.59,33.42,7.69,16.77,13.0,20.17,22.12,25.42
2023-07-15,23.965,19.29,12.29,20.02,47.56,33.25,21.85,30.47,33.01,51.95,23.82,35.27,11.72,46.4,20.2,13.36,17.82,,23.77,14.86,45.99,36.52,23.87,31.59,31.4,14.94,27.4,21.2,53.87,,16.48,24.06,9.7,64.3,32.73,22.33,14.6,27.17,55.13,87.3,35.56,33.42,7.74,16.77,13.0,20.18,22.03,25.43
2023-07-16,24.115000000000002,19.29,12.1,21.17,47.75,33.25,21.85,30.22,33.1,52.22,23.82,34.55,11.86,46.63,20.2,13.36,17.79,,23.77,14.86,46.52,36.55,24.02,31.57,31.4,14.94,27.6,21.44,54.34,,16.48,24.21,9.62,63.99,32.72,22.24,15.23,27.17,55.62,87.58,35.51,33.42,7.64,17.05,12.98,20.25,21.66,25.98
2023-07-17,24.05,19.29,11.99,21.17,47.94,33.25,21.85,30.49,33.08,52.18,23.82,34.08,11.9,46.74,20.2,13.37,17.78,,23.77,14.86,46.63,36.55,24.28,31.57,31.4,14.94,27.7,21.63,55.06,,16.48,23.49,9.51,64.44,32.91,22.24,14.79,27.16,54.86,87.81,35.6,33.42,7.59,16.77,12.98,20.26,21.69,25.85
2023-07-18,23.795,19.29,11.82,21.26,47.62,33.25,21.85,30.46,33.07,52.34,23.82,34.18,11.97,46.8,20.2,13.36,18.64,,23.77,14.86,46.46,36.55,23.34,31.57,31.4,14.94,27.67,21.47,54.93,,16.48,23.17,9.4,63.89,33.01,22.24,14.6,27.17,53.97,87.7,35.58,33.42,7.61,16.76,13.03,20.28,21.92,25.47
2023-07-19,23.77,19.29,11.95,21.26,48.19,32.9,21.85,30.38,32.91,52.63,23.82,33.93,12.03,46.69,20.2,13.36,18.64,,23.72,14.87,47.47,36.66,23.67,31.57,31.4,14.94,27.93,21.1,55.34,,16.48,22.48,9.52,63.86,33.1,22.24,14.7,27.2,53.83,87.86,35.71,33.38,7.52,16.75,13.06,20.26,21.69,25.74
2023-07-20,23.77,19.27,11.85,21.26,47.88,32.9,21.81,30.51,33.12,52.76,23.82,33.2,12.08,46.81,20.2,13.27,18.65,,23.72,14.87,47.18,36.65,23.6,31.57,31.4,14.94,28.0,21.3,55.11,,16.48,22.78,9.47,63.81,33.18,22.24,14.7,27.2,53.3,87.84,35.76,33.4,7.52,16.76,13.08,20.26,21.81,25.71
2023-07-21,24.02,19.27,11.37,21.37,47.68,33.07,21.78,31.53,33.29,52.98,24.22,32.53,12.17,46.71,20.2,13.22,18.53,,23.68,14.9,47.15,36.63,23.82,30.98,31.39,14.94,27.76,21.81,54.67,,16.45,22.76,9.66,63.97,33.28,22.18,15.55,27.22,53.58,88.05,36.18,33.4,7.56,17.39,13.19,20.29,21.96,25.38
2023-07-22,24.015,19.27,11.44,21.37,47.77,33.09,21.78,30.99,33.06,53.03,24.22,31.73,11.87,46.41,20.2,13.22,18.53,,23.68,14.9,46.26,36.63,23.81,30.98,31.39,14.94,27.88,21.72,55.18,,16.45,23.17,9.86,63.93,33.37,22.18,15.58,27.22,53.55,87.81,36.23,33.39,7.51,17.53,13.19,20.32,21.99,24.92
2023-07-23,23.95,19.27,11.32,21.37,47.73,33.09,21.77,30.61,33.1,53.14,24.22,31.22,12.0,46.22,20.2,13.29,18.53,,23.68,14.9,46.66,36.62,23.63,30.98,31.39,14.94,27.7,21.93,54.75,,16.45,23.17,9.73,64.06,33.45,22.18,15.29,27.22,53.52,87.73,36.17,33.39,7.46,17.42,13.09,20.34,21.82,25.15
2023-07-24,23.939999999999998,19.27,11.35,21.37,47.93,33.09,21.78,31.12,33.07,53.22,24.22,30.4,12.08,46.44,20.2,13.28,18.52,,23.57,14.9,47.3,36.64,23.66,30.98,31.39,14.94,27.74,21.8,55.18,,15.71,23.44,9.41,64.15,33.61,22.19,14.99,27.22,53.32,87.67,36.14,33.4,7.47,17.04,13.08,20.32,22.3,25.28
2023-07-25,24.005,19.25,11.59,21.37,47.93,33.05,21.78,31.43,32.65,53.21,24.22,29.94,12.22,46.81,20.2,13.29,18.52,,23.57,14.9,47.34,36.64,23.79,30.98,31.39,14.94,27.65,21.93,54.89,,15.71,23.59,9.48,64.26,33.76,22.19,14.87,27.22,53.49,87.68,36.14,33.41,7.42,17.04,13.06,20.32,21.92,24.51
2023-07-26,24.11,19.2,11.28,21.33,47.59,33.11,21.77,31.02,32.67,53.22,24.11,29.45,12.45,46.5,20.2,13.32,19.09,,23.58,14.9,47.6,36.64,23.42,30.98,33.79,14.94,27.55,22.2,55.2,,15.64,23.78,9.29,64.56,33.86,22.18,14.87,27.16,53.56,87.32,36.11,33.41,7.4,17.26,13.0,20.34,22.04,24.6
2023-07-27,24.02,19.22,11.11,21.33,47.65,33.09,21.77,30.91,32.4,53.17,24.11,29.05,12.69,46.41,20.2,13.3,19.09,,23.58,14.9,47.59,36.64,23.15,30.97,33.79,14.94,27.27,22.03,55.63,,15.57,24.02,9.25,64.37,33.92,22.18,14.87,27.18,53.43,86.9,35.66,33.41,7.36,17.33,12.97,20.82,21.98,23.86
2023-07-28,24.03,19.22,11.33,21.33,47.36,33.12,21.77,31.34,32.58,53.17,24.11,28.25,12.74,46.05,20.2,13.29,19.09,,23.63,14.88,47.99,36.63,23.95,30.97,33.79,14.94,27.44,21.9,55.97,,15.57,24.19,9.19,64.48,34.06,22.16,14.87,27.23,53.37,86.79,35.73,33.35,7.53,17.33,12.97,20.86,22.21,23.68
2023-07-29,24.064999999999998,19.22,11.23,21.33,47.53,33.13,21.77,30.61,32.52,53.19,24.11,28.42,12.79,45.55,20.2,13.27,19.09,,23.63,14.88,46.51,36.64,24.02,30.9,33.79,14.94,27.68,22.01,56.56,,15.56,24.24,8.99,64.27,34.19,22.16,14.87,27.23,53.32,86.83,35.92,33.35,7.61,17.38,12.98,20.86,21.78,22.96
2023-07-30,23.869999999999997,19.22,11.5,21.33,47.63,33.13,21.77,30.92,32.32,53.25,24.11,27.74,12.6,45.11,20.2,13.26,19.09,,23.63,14.88,46.01,36.64,22.76,30.9,33.79,14.94,27.83,21.91,56.25,,15.57,25.32,8.82,64.68,34.37,22.16,14.87,27.28,53.3,86.86,35.31,33.35,7.57,17.24,12.97,20.87,21.07,23.58
2023-07-31,24.46,19.11,11.29,21.33,47.84,33.12,21.76,30.51,32.09,53.22,24.11,27.24,12.81,44.14,20.2,13.27,19.09,,23.63,14.88,46.32,36.64,22.39,31.02,33.79,14.94,28.34,21.86,56.28,,15.57,25.15,8.64,65.03,34.36,22.16,14.87,27.29,53.43,86.84,35.33,33.35,7.69,17.27,12.96,20.89,21.29,24.46
2023-08-01,24.25,19.04,11.45,21.48,47.82,33.08,21.82,30.24,31.74,53.25,24.22,27.17,13.05,44.16,20.2,13.2,19.11,,23.61,15.01,45.98,36.53,22.41,30.75,33.78,14.94,28.11,21.82,55.51,,15.58,25.39,8.82,65.86,34.42,22.01,14.87,27.33,53.4,86.86,35.37,33.52,7.66,17.34,12.89,20.89,20.89,24.28
2023-08-02,23.74,19.04,11.26,21.48,47.74,33.08,21.76,31.41,31.69,53.18,24.22,26.56,12.98,44.64,20.2,13.19,19.11,,23.61,15.01,45.0,36.53,22.49,30.75,33.78,14.94,28.34,21.7,55.41,,15.6,25.77,8.66,76.55,34.47,22.01,14.81,27.33,54.08,87.03,35.44,33.52,7.68,17.33,12.87,19.63,20.94,23.74
2023-08-03,24.22,19.04,11.42,21.48,47.81,33.16,21.7,31.34,31.53,53.13,24.22,26.06,13.03,44.57,20.21,13.19,19.09,,23.59,14.97,45.1,36.67,22.24,30.75,33.78,14.93,28.47,21.91,55.59,,15.6,25.85,8.3,76.79,34.55,21.99,14.81,27.3,53.79,87.15,35.39,33.54,7.62,17.32,12.88,19.7,20.79,24.55
2023-08-04,23.64,19.1,11.16,21.35,48.72,33.14,21.86,31.66,31.88,53.19,23.64,26.22,12.94,44.18,20.19,13.21,19.26,,23.59,14.94,45.37,37.26,21.99,31.43,33.76,14.91,28.88,22.02,56.24,,15.45,26.01,8.35,77.79,34.64,21.87,14.88,27.45,53.65,87.21,31.2,33.47,7.55,17.25,12.92,19.99,20.81,24.57
2023-08-05,23.9,19.12,10.35,21.32,49.16,33.29,21.89,31.57,31.82,53.2,23.9,25.82,13.31,44.51,20.21,13.19,19.34,,23.63,14.95,46.96,37.36,22.23,31.89,33.77,14.87,29.03,21.71,56.7,,15.46,26.51,8.56,78.52,34.71,21.88,14.86,27.42,54.03,87.16,31.25,33.55,7.71,17.26,12.92,20.03,20.48,24.62
2023-08-06,23.63,19.75,10.24,21.73,49.37,34.7,23.0,31.18,32.22,53.11,25.28,26.63,13.37,44.65,20.74,14.85,20.81,,24.77,16.3,46.68,40.62,22.42,33.84,38.43,14.87,29.35,21.73,57.31,,15.2,26.45,8.63,78.71,35.17,22.09,17.93,27.87,54.81,87.11,33.73,34.21,7.67,18.37,13.59,21.04,20.48,24.76
2023-08-07,23.63,19.74,10.08,21.73,49.26,34.7,22.98,31.39,32.12,53.11,25.28,26.09,13.52,44.36,20.74,14.82,20.81,,24.77,16.3,46.56,40.56,22.43,33.84,38.42,14.87,29.78,21.96,58.06,,15.21,26.87,8.63,79.57,35.18,22.09,18.1,27.85,54.61,86.59,33.73,34.21,7.64,18.39,13.57,21.07,20.71,25.27
2023-08-08,23.9,19.1,9.79,21.32,49.23,33.29,21.77,31.37,31.7,52.96,23.9,24.86,13.7,43.89,20.18,13.14,19.34,,23.64,14.93,46.57,36.86,22.42,31.89,33.75,14.89,30.27,21.87,58.47,,15.54,27.16,8.55,80.21,35.04,21.87,14.86,27.41,54.09,86.57,31.57,33.55,7.61,17.25,12.91,20.15,20.2,25.13
2023-08-09,23.9,19.09,9.9,21.32,49.09,33.29,21.77,31.81,31.54,52.65,23.9,25.48,13.79,44.17,20.18,13.1,19.33,,23.64,14.95,46.4,36.72,22.07,31.89,33.74,14.91,30.6,21.81,58.75,,15.46,27.92,8.33,80.11,35.13,21.88,14.83,27.34,54.1,86.21,31.4,33.56,7.54,17.04,12.9,20.19,20.75,25.3
2023-08-10,23.9,19.09,9.74,21.32,49.36,33.29,21.77,31.98,31.83,52.66,23.9,24.92,13.83,44.54,20.18,13.09,19.33,,23.64,14.95,45.97,36.72,22.09,31.89,33.74,14.92,30.94,21.71,58.88,,15.46,27.11,7.97,80.54,35.34,21.88,14.86,27.34,54.64,86.24,32.47,33.56,7.58,17.05,12.71,20.19,20.81,25.17
2023-08-11,23.88,19.06,9.82,21.36,49.47,33.23,21.76,32.2,31.77,52.58,23.88,25.24,13.96,43.47,20.19,13.12,19.31,,23.62,14.85,46.39,36.74,22.32,31.43,33.73,14.93,31.18,21.68,59.49,,15.38,27.25,7.93,81.06,35.46,21.88,14.86,27.4,54.05,86.64,32.21,33.58,7.43,17.06,12.71,20.2,20.53,25.28
2023-08-12,23.88,19.06,9.95,21.36,49.92,33.23,21.76,31.87,31.7,52.62,23.88,25.03,13.89,43.21,20.19,13.13,19.31,,23.64,14.9,47.54,36.74,22.62,31.43,33.73,14.92,31.26,21.47,59.18,,15.38,28.02,8.0,80.85,35.56,21.86,14.86,27.4,53.94,86.53,32.18,33.58,7.36,17.04,12.5,20.22,20.38,25.61
2023-08-13,23.88,19.06,10.13,21.36,50.06,33.47,21.76,31.88,31.9,52.6,23.88,24.66,14.26,43.35,20.19,13.14,19.22,,23.62,14.98,47.73,36.69,21.82,31.43,33.73,14.91,31.39,21.6,58.97,,15.38,27.12,8.02,80.85,35.6,21.87,14.83,27.36,53.75,86.67,32.11,33.57,7.36,17.04,12.48,20.23,20.31,26.32
